State,City,County,Coastal,Region,"April 1, 2010 - Census","April 1, 2010 - Estimates Base",Population Estimate (as of July 1) - 2010,Population Estimate (as of July 1) - 2011,Population Estimate (as of July 1) - 2012,Population Estimate (as of July 1) - 2013,Population Estimate (as of July 1) - 2014,Population Estimate (as of July 1) - 2015,Population Estimate (as of July 1) - 2016,Population Estimate (as of July 1) - 2017,Population Estimate (as of July 1) - 2018
New York,New York,"New York County, Kings County, Bronx County, Richmond County, Queens County",TRUE,Atlantic,8175133,8174988,8190355,8272963,8348032,8398739,8437387,8468181,8475976,8438271,8398748
California,Los Angeles,Los Angeles County,TRUE,Pacific,3792621,3792820,3795370,3821136,3852532,3883916,3913260,3943215,3969262,3982002,3990456
Illinois,Chicago,Cook County,FALSE,N/A,2695598,2695624,2697529,2708209,2719735,2726772,2728524,2726215,2718946,2713067,2705994
Texas,Houston,Harris County,TRUE,Gulf of Mexico,2099451,2093615,2098446,2124143,2160086,2198280,2240982,2286630,2309752,2317445,2325502
Arizona,Phoenix,Maricopa County,FALSE,N/A,1445632,1446914,1449295,1470052,1499839,1527336,1556552,1584927,1613581,1634984,1660272
Pennsylvania,Philadelphia,Philidelphia County,FALSE,N/A,1526006,1526009,1528293,1540322,1551797,1558371,1565604,1571258,1576390,1580221,1584138
Texas,San Antonio,Bexar County,FALSE,N/A,1327407,1326768,1332883,1357536,1383608,1408787,1435839,1464531,1488512,1511409,1532233
California,San Diego,San Diego County,TRUE,Pacific,1307402,1301949,1305970,1319697,1337149,1355951,1376725,1388674,1403865,1414427,1425976
Texas,Dallas,"Dallas County, Collin County, Denton County, Kaufman County, Rockwall County",FALSE,N/A,1197816,1197653,1200372,1218320,1242344,1259239,1279679,1301794,1324477,1343087,1345047
California,San Jose,Santa Clara County,TRUE,Pacific,945942,952060,954492,969948,983322,1001253,1014418,1026099,1030359,1032136,1030119
Texas,Austin,Travis County,FALSE,N/A,790390,802078,806423,828694,854841,875463,901734,921545,939768,951750,964254
Florida,Jacksonville,Duval County,TRUE,Atlantic,821784,821764,823123,829554,836997,842762,852560,865835,880495,891736,903889
Texas,Fort Worth,Tarrant County,FALSE,N/A,741206,744852,748481,764034,781059,796175,815135,835950,856902,875456,895008
Ohio,Columbus,Bartholomew County,FALSE,N/A,787033,789011,790935,800522,812711,827824,841740,855012,866918,881763,892533
California,San Francisco,San Francisco County,TRUE,Pacific,805235,805184,805550,815677,829027,839841,851116,863836,872795,879166,883305
North Carolina,Charlotte,Mecklenburg County,FALSE,N/A,731424,735692,738534,754840,773336,792183,807589,825733,842937,859347,872498
Indiana,Indianapolis,Marion County,FALSE,N/A,820445,820436,821555,827604,835379,844081,849634,853238,857488,861890,867125
Washington,Seattle,King County,TRUE,Pacific,608660,608666,610639,623050,636495,654224,670925,688156,710510,729601,744955
Colorado,Denver,Denver County,FALSE,N/A,600158,599815,603354,620513,635277,649513,664870,683665,696618,705439,716492
District of Columbia,Washington,N/A,FALSE,N/A,601723,601766,605085,619602,634725,650431,662513,675254,686575,695691,702455
Massachusetts,Boston,Suffolk County,TRUE,Atlantic,617594,617786,621074,630480,643003,653103,663017,670791,680470,688276,694583
Texas,El Paso,El Paso County,FALSE,N/A,649121,648254,650708,664521,675205,675222,677745,677253,681485,682938,682669
Michigan,Detroit,Wayne County,FALSE,N/A,713777,713885,711120,705043,700159,691883,682669,679305,676883,674188,672662
Tennessee,Nashville,Davidson County,FALSE,N/A,601222,603427,604587,612422,625601,636267,645820,656572,663339,665396,669053
Oregon,Portland,Multnomah County,FALSE,N/A,583776,583792,585436,595410,604285,609970,620647,631539,643136,648630,653115
Tennessee,Memphis,Shelby County,FALSE,N/A,646889,651885,652309,655590,659089,657877,655936,654876,653184,651562,650618
Oklahoma,Oklahoma City,"Oklahoma County, Canadian County, Cleveland County, Pottawatomie County",FALSE,N/A,579999,580247,582285,590824,601030,611999,621583,632193,640144,643337,649021
Nevada,Las Vegas,Clark County,FALSE,N/A,583756,584509,584606,586635,593411,599777,608275,617840,626950,635628,644644
Kentucky,Louisville,Jefferson County,FALSE,N/A,597337,595386,596155,599637,604110,610339,612509,615247,617462,619848,620118
Maryland,Baltimore,Baltimore County,TRUE,Atlantic,620961,620862,621005,620442,622973,622497,623165,622150,615849,609841,602495
Wisconsin,Milwaukee,Milwaukee County,FALSE,N/A,594833,594511,594881,597056,598581,599965,600743,600627,597123,593905,592025
New Mexico,Albuquerque,Bernalillo County,FALSE,N/A,545852,546191,546806,552095,555106,557619,557702,558325,559626,560111,560218
Arizona,Tucson,Pima County,FALSE,N/A,520116,526635,527167,530624,531817,532956,534870,535772,537831,541779,545975
California,Fresno,Fresno County,FALSE,N/A,494665,497102,497721,501413,505521,509104,514452,518670,521986,526037,530093
Arizona,Mesa,Maricopa County,FALSE,N/A,439041,440084,440995,447681,457061,464980,473390,482108,491041,500395,508958
California,Sacramento,Sacramento County,FALSE,N/A,466488,466390,467302,470914,474309,478360,483006,488353,494324,500944,508529
Georgia,Atlanta,Fulton County,FALSE,N/A,420003,426821,429193,437563,448799,453791,460998,468707,478916,491763,498044
Missouri,Kansas City,"Jackson County, Clay County, Platte County, Cass County",FALSE,N/A,459787,459937,460737,462356,464607,467243,470678,475069,481626,488266,491918
Colorado,Colorado Springs,El Paso County,FALSE,N/A,416427,417433,420544,427248,432611,437981,441960,449189,458531,465160,472688
Florida,Miami,Miami-Dade County,TRUE,Atlantic,399457,399530,400841,410673,415270,419829,429365,439404,454293,462030,470914
North Carolina,Raleigh,Wake County,FALSE,N/A,403892,404073,406355,413932,423095,431102,439347,449427,459194,465524,469298
Nebraska,Omaha,Douglas County,FALSE,N/A,408958,450238,450887,453217,456338,459091,461386,463472,465554,466774,468262
California,Long Beach,Los Angeles County,TRUE,Pacific,462257,462211,462440,464569,467064,468303,469539,470708,469435,467367,467354
Virginia,Virginia Beach,N/A,TRUE,Atlantic,437994,437903,438855,442536,445038,447732,448913,450474,451136,449962,450189
California,Oakland,Alameda County,TRUE,Pacific,390724,390792,391449,396135,401228,406844,413156,418263,420798,423869,429082
Minnesota,Minneapolis,Hennepin County,FALSE,N/A,382578,382603,383067,388022,392775,400108,407122,411150,415239,421072,425403
Oklahoma,Tulsa,"Osage County, Rogers County, Tulsa County, Wagoner County",FALSE,N/A,391906,392010,392421,393111,394875,398649,400162,403733,404182,402119,400669
Texas,Arlington,Tarrant County,FALSE,N/A,365438,365337,366136,370485,375906,379266,383074,389101,394780,397105,398112
Florida,Tampa,Hillsborough County,TRUE,Gulf of Mexico,335709,336154,337062,346778,348655,352426,358754,367413,376170,386577,392890
Louisiana,New Orleans,Orleans Parish,TRUE,Gulf of Mexico,343829,343828,347770,360686,369761,378623,383930,389791,391977,391538,391006
Kansas,Wichita,Sedgwick County,FALSE,N/A,382368,382423,382726,383729,385753,387240,388465,389437,390549,390307,389255
Ohio,Cleveland,Cuyahoga County,FALSE,N/A,396815,396629,395890,392594,391500,391759,390850,389248,387708,385428,383793
California,Bakersfield,Kern County,FALSE,N/A,347483,348255,349408,353640,357858,363449,367705,372295,375844,379171,383579
Colorado,Aurora,Arapahoe County,FALSE,N/A,325078,324675,326073,332627,339080,345276,352391,359679,362941,367255,374114
California,Anaheim,Orange County,TRUE,Pacific,336265,336443,337106,340202,342526,344369,345223,348967,350848,351301,352005
Hawaii,Honolulu,Honolulu County,TRUE,Pacific,337256,337721,339143,343040,346868,349275,349627,351684,351883,349651,347397
California,Santa Ana,Orange County,TRUE,Pacific,324528,324778,325340,328255,330650,333887,333669,333736,334175,333007,332725
California,Riverside,Riverside County,FALSE,N/A,303871,304033,305568,309556,312432,315667,317887,320673,323877,326988,330063
Texas,Corpus Christi,Nueces County,TRUE,Gulf of Mexico,305215,305226,305281,308096,312415,317101,320863,324795,325947,325373,326554
Kentucky,Lexington,Fayette County,FALSE,N/A,295803,295867,296847,301736,306075,310010,311955,316002,319738,322193,323780
California,Stockton,San Joaquin County,FALSE,N/A,291707,291731,292446,294922,296666,297172,300670,303926,306407,309316,311178
Nevada,Henderson,Clark County,FALSE,N/A,257729,257073,257532,258834,263409,268450,274474,282423,289784,299631,310390
Minnesota,St. Paul,Ramsey County,FALSE,N/A,285068,285067,285465,288812,291244,295045,297674,300010,303155,305255,307695
Missouri,St. Louis,N/A,FALSE,N/A,319294,319275,319318,319294,319387,318459,317395,315878,312389,307866,302838
Ohio,Cincinnati,Hamilton County,FALSE,N/A,296943,296893,296837,296020,296758,297775,298509,299338,299707,301648,302605
Pennsylvania,Pittsburgh,Allegheny County,FALSE,N/A,305704,305376,305410,306107,306470,307022,306092,304211,304814,301720,301048
North Carolina,Greensboro,Guilford County,FALSE,N/A,269666,268924,269587,272396,276024,279244,282275,284808,289597,292209,294722
Alaska,Anchorage,Anchorage Borough,TRUE,Pacific,291826,291829,293310,296154,298233,301155,299927,297613,297216,294264,291538
Texas,Plano,Collin County,FALSE,N/A,259841,259857,261222,266963,272240,274587,278062,283416,286576,286815,288061
Nebraska,Lincoln,Lancaster County,FALSE,N/A,258379,258602,259261,262466,265663,268937,273945,277178,281254,284506,287401
Florida,Orlando,Orange County,FALSE,N/A,238300,238813,239308,243585,249930,255156,262507,270622,278130,281143,285713
California,Irvine,Orange County,TRUE,Pacific,212375,212043,213392,220261,229083,236134,247283,255614,265721,276413,282572
New Jersey,Newark,Essex County,TRUE,Atlantic,277140,277107,277158,277540,277590,278152,278991,279629,280628,281014,282090
Ohio,Toledo,Lucas County,FALSE,N/A,287208,287319,287030,285347,283129,282303,280672,279816,278780,276618,274975
North Carolina,Durham,Durham County,FALSE,N/A,228330,229878,230710,235308,241107,247002,253316,258581,265355,269578,274291
California,Chula Vista,San Diego County,TRUE,Pacific,243916,243923,244656,248339,252457,256819,260069,264490,266610,269429,271651
Indiana,Fort Wayne,Allen County,FALSE,N/A,253691,253739,254162,256253,257615,259354,260614,262235,263777,265455,267633
New Jersey,Jersey City,Hudson County,TRUE,Atlantic,247597,247639,248363,252910,256148,257243,258794,260332,260626,263401,265549
Florida,St. Petersburg,Pinellas County,TRUE,Gulf of Mexico,244769,245176,245226,245856,246671,248492,252282,255206,259556,262928,265098
Texas,Laredo,Webb County,FALSE,N/A,236091,235809,236859,241266,245877,249822,253017,255538,258102,259634,261639
Wisconsin,Madison,Dane County,FALSE,N/A,233209,233163,233716,236877,239872,243246,245870,248714,252485,255473,258054
Arizona,Chandler,Maricopa County,FALSE,N/A,236123,236187,236479,236854,237677,239900,240893,243679,247845,253600,257165
New York,Buffalo,Erie County,FALSE,N/A,261310,261372,261301,260706,260176,260041,259584,258339,256960,256430,256304
Texas,Lubbock,Lubbock County,FALSE,N/A,229573,229632,230796,233601,236055,239411,244071,247644,251086,253555,255885
Arizona,Scottsdale,Maricopa County,FALSE,N/A,217385,217464,217615,220792,225213,228952,234053,241197,248100,251556,255310
Nevada,Reno,Washoe County,FALSE,N/A,225221,225411,225750,227160,229069,231161,234301,238335,242476,247106,250998
Arizona,Glendale,Maricopa County,FALSE,N/A,226721,226099,226168,229233,233564,236885,240020,243184,246000,247899,250702
Arizona,Gilbert,Maricopa County,FALSE,N/A,208453,208387,209435,211418,215880,221598,227294,232401,237137,242465,248279
North Carolina,Winston-Salem,Forsyth County,FALSE,N/A,229617,229634,230033,231847,233867,235741,238508,239696,241656,244373,246328
Nevada,North Las Vegas,Clark County,FALSE,N/A,216961,216670,216843,218302,221910,225435,228806,232689,236694,240681,245949
Virginia,Norfolk,N/A,TRUE,Atlantic,242803,242827,242998,243632,246141,245449,246587,246534,245843,244922,244076
Virginia,Chesapeake,Norfolk County,FALSE,N/A,222209,222306,223550,225332,228075,230330,233380,235168,237591,240327,242634
Texas,Garland,Dallas County,FALSE,N/A,226876,226910,227355,230078,233775,234783,235761,237331,236500,238560,242507
Texas,Irving,Dallas County,FALSE,N/A,216290,216285,216867,219877,225812,229053,232736,237358,240086,240834,242242
Florida,Hialeah,Miami-Dade County,TRUE,Atlantic,224669,224687,225460,230396,232730,234616,235145,236339,236886,239019,238942
California,Fremont,Alameda County,TRUE,Pacific,214089,214072,214561,217400,221479,224888,228397,231697,233378,234237,237807
Idaho,Boise,Ada County,FALSE,N/A,205671,209389,209578,212620,215681,217436,219471,220938,224728,227621,228790
Virginia,Richmond,Henrico county,FALSE,N/A,204214,204327,204256,206325,210741,213815,217003,220847,225332,226968,228783
Louisiana,Baton Rouge,East Baton Rouge Parish,FALSE,N/A,229493,229422,229369,228595,228834,228280,227774,227044,226397,223948,221599
Washington,Spokane,Spokane County,FALSE,N/A,208916,209455,209523,208949,209294,209745,210612,212179,214990,217028,219190
Iowa,Des Moines,"Polk County, Warren County",FALSE,N/A,203433,204183,205004,207870,210230,212035,214390,215372,216487,217006,216853
Washington,Tacoma,Pierce County,TRUE,Pacific,198397,198243,198227,199493,201531,202130,203762,206801,210268,213430,216279
California,San Bernardino,San Bernardino County,FALSE,N/A,209924,209662,209853,211402,212444,213111,213588,214709,215431,216296,215941
California,Modesto,Stanislaus County,FALSE,N/A,201165,203119,203314,204041,205108,206182,207781,209366,211334,213198,215030
California,Fontana,San Bernardino County,FALSE,N/A,196069,196472,197342,199916,201295,202804,204152,206377,208971,211388,213739
California,Santa Clarita,Los Angeles County,TRUE,Pacific,176320,204142,204213,205317,206285,207123,208180,209247,209668,209895,210089
Alabama,Birmingham,Jefferson County,FALSE,N/A,212237,212003,211743,211566,210749,211230,211109,211703,211436,210966,209880
California,Oxnard,Ventura County,TRUE,Pacific,197899,197964,198465,199904,201084,202858,204626,206408,207754,209173,209877
North Carolina,Fayetteville,Cumberland County,FALSE,N/A,200564,200565,208335,208728,208873,211051,210079,209624,211126,209215,209468
California,Moreno Valley,Riverside County,FALSE,N/A,193365,193305,194241,196577,198218,200224,201874,202958,204742,206713,209050
New York,Rochester,Monroe County,FALSE,N/A,210565,210684,210452,210710,210600,210454,209626,208709,207729,206483,206284
California,Glendale,Los Angeles County,TRUE,Pacific,191719,191687,191726,192681,193941,195450,198420,199452,200444,202146,201361
California,Huntington Beach,Orange County,TRUE,Pacific,189992,191037,191303,193010,194237,197212,199757,200855,200541,201191,200641
Utah,Salt Lake City,Salt Lake County,FALSE,N/A,186440,186443,186571,188181,189715,191661,191398,191737,194182,200570,200591
Michigan,Grand Rapids,Kent County,FALSE,N/A,188040,188031,188003,189087,190817,192991,194352,195073,196546,199082,200217
Texas,Amarillo,Potter County,FALSE,N/A,190695,190666,191255,193747,195389,196243,197188,197889,198867,199919,199924
New York,Yonkers,Westchester County,TRUE,Atlantic,195976,196018,196405,197575,198075,198809,199434,199721,200083,199762,199663
Illinois,Aurora,DuPage County,FALSE,N/A,197899,197914,198157,199100,199641,199826,200245,200416,200945,200579,199602
Alabama,Montgomery,Montgomery County,FALSE,N/A,205764,205501,205593,205180,203937,202426,201435,200993,200360,199892,198218
Ohio,Akron,Summit County,FALSE,N/A,199110,199135,199003,199016,198884,198901,198937,198524,198021,198092,198006
Arkansas,Little Rock,Pulaski County,FALSE,N/A,193524,193490,193928,195210,196504,197084,197533,198135,198673,198418,197881
Alabama,Huntsville,Madison County,FALSE,N/A,180105,180416,180960,182167,183588,185841,187659,190147,192260,195056,197318
Georgia,Augusta,Richmond County,FALSE,N/A,195844,195847,196192,195643,196834,196479,196473,196663,197146,196828,196939
Florida,Port St. Lucie,St. Lucie County,TRUE,Atlantic,164603,164194,164843,166276,167904,169438,172721,177784,183684,189265,195248
Texas,Grand Prairie,"Dallas County, Tarrant County, Ellis County",FALSE,N/A,175396,175468,175979,178921,182089,183994,185970,188577,192300,194214,194614
Georgia,Columbus,Muscogee County,FALSE,N/A,189885,190573,191105,195244,198944,203198,200552,198674,196198,193766,194160
Florida,Tallahassee,Leon County,FALSE,N/A,181376,181211,181596,183140,186464,185783,187286,188894,189221,192048,193551
Kansas,Overland Park,Johnson County,FALSE,N/A,173372,173329,174041,176020,178687,180948,184011,186224,189272,191322,192536
Arizona,Tempe,Maricopa County,FALSE,N/A,161719,161777,162326,164481,168585,170807,175730,179221,185004,185931,192364
Texas,McKinney,Collin County,FALSE,N/A,131117,131160,132943,137921,143506,149207,157139,163458,173336,181757,191645
Alabama,Mobile,Mobile County,TRUE,Gulf of Mexico,195111,194664,194577,193992,193858,193555,192979,192377,191885,190501,189572
Florida,Cape Coral,Lee County,TRUE,Gulf of Mexico,154305,154314,154735,157314,160548,164323,168345,173468,178362,183442,189343
Louisiana,Shreveport,Caddo Parish,FALSE,N/A,199311,200405,200869,201746,201790,199923,197740,196508,194222,191638,188987
Texas,Frisco,"Collin County, Denton County",FALSE,N/A,116989,117170,118192,123483,128403,136733,144878,154157,163841,177286,188170
Tennessee,Knoxville,Knox County,FALSE,N/A,178874,178310,178432,180084,181270,182177,183031,184334,185193,186973,187500
Massachusetts,Worcester,Worcester County,FALSE,N/A,181045,181009,181878,182489,182694,183458,184698,184910,185139,185417,185877
Texas,Brownsville,Cameron County,TRUE,Gulf of Mexico,175023,174748,175400,178241,179828,180913,182009,181984,182888,183066,183392
Washington,Vancouver,Clark County,FALSE,N/A,161791,167185,167622,169058,170056,171594,173442,176430,178627,180379,183012
Florida,Fort Lauderdale,Broward County,TRUE,Atlantic,165521,165763,166138,169021,170941,172329,175228,177407,178884,179886,182595
South Dakota,Sioux Falls,Minnehaha County,FALSE,N/A,153888,153972,154526,156446,159833,163472,167048,170206,173682,178000,181883
California,Ontario,San Bernardino County,FALSE,N/A,163924,163925,164369,165759,166665,167166,168199,170332,172709,175482,181107
Tennessee,Chattanooga,Hamilton County,FALSE,N/A,167674,170309,170559,172032,173652,174830,174461,175851,177104,178897,180557
Rhode Island,Providence,Providence County,TRUE,Atlantic,178042,177844,178100,178395,178890,178784,179217,179359,179720,179503,179335
Virginia,Newport News,N/A,TRUE,Atlantic,180719,180994,180925,180098,180094,181320,181576,180948,180179,179398,178626
California,Rancho Cucamonga,San Bernardino County,FALSE,N/A,165269,165380,166232,167945,170015,170910,173355,174367,175975,177115,177751
California,Santa Rosa,Sonoma County,TRUE,Pacific,167815,175082,175304,176351,177263,178933,180921,181968,182475,182248,177586
California,Oceanside,San Diego County,TRUE,Pacific,167086,167382,167919,169853,171467,173088,174259,175188,175495,175930,176080
Oregon,Salem,Marion County,FALSE,N/A,154637,154909,155229,156146,157369,158843,160721,163251,166599,169850,173442
California,Elk Grove,Sacramento County,FALSE,N/A,153015,153010,153394,155631,158123,160314,162800,166090,169243,171503,172886
California,Garden Grove,Orange County,TRUE,Pacific,170883,170956,171186,172971,173866,174518,174556,174522,174805,173646,172646
Florida,Pembroke Pines,Broward County,TRUE,Atlantic,154750,154898,155268,158272,160258,162160,164103,165809,168315,170657,172374
Arizona,Peoria,"Maricopa County, Yavapai County",FALSE,N/A,154065,154090,154891,155050,155352,156371,157780,160432,164212,168192,172259
Oregon,Eugene,Lane County,TRUE,Pacific,156185,156428,156527,157411,158241,158451,160284,162960,166016,169558,171245
California,Corona,Riverside County,FALSE,N/A,152374,152511,153249,154882,157608,158986,160656,163391,166306,167503,168819
North Carolina,Cary,"Wake County, Chatham County",FALSE,N/A,135234,135777,137021,142116,146073,151257,155379,159661,162426,165897,168160
Missouri,Springfield,Greene County,FALSE,N/A,159498,159453,159484,160338,162015,163810,164854,166231,166672,167387,168122
Colorado,Fort Collins,Larimer County,FALSE,N/A,143986,144855,145267,146602,149390,152462,156458,160605,162583,165099,167830
Mississippi,Jackson,Hinds County,FALSE,N/A,173514,173590,173738,175168,174845,172943,172030,170943,169080,166909,164422
Virginia,Alexandria,N/A,FALSE,N/A,139966,140008,140740,144220,147314,149674,151431,153863,157045,159654,160530
California,Hayward,Alameda County,TRUE,Pacific,144186,144332,144746,146845,149338,151709,154350,157890,159147,159994,159620
California,Lancaster,Los Angeles County,TRUE,Pacific,156633,156642,156822,158087,158302,159136,159753,159973,159831,159618,159053
Colorado,Lakewood,Jefferson County,FALSE,N/A,142980,142626,142786,144102,145418,146909,149481,152122,154117,155048,156798
Tennessee,Clarksville,Montgomery County,FALSE,N/A,132929,132897,133480,136101,142553,142194,145842,148180,149203,153054,156794
California,Palmdale,Los Angeles County,TRUE,Pacific,152750,152751,152962,154035,154942,156614,156929,157196,156992,156808,156667
California,Salinas,Monterey County,TRUE,Pacific,150441,150615,150904,152454,153901,155097,155913,156512,157144,156824,156259
Massachusetts,Springfield,Hampden County,FALSE,N/A,153060,153173,153613,153882,154056,154186,154513,154740,154278,154498,155032
Florida,Hollywood,Broward County,TRUE,Atlantic,140768,140711,141018,143422,145022,146081,147039,148357,151685,153393,154823
Texas,Pasadena,Harris County,TRUE,Gulf of Mexico,149043,149307,149529,151159,152690,153580,154509,154624,154632,153968,153219
California,Sunnyvale,Santa Clara County,TRUE,Pacific,140081,140060,140465,143812,146474,148121,149856,151715,153633,153254,153185
Georgia,Macon,Bibb County,FALSE,N/A,(X),155795,155810,156160,156610,155036,154333,153948,153180,152892,153095
Kansas,Kansas City,Wyandotte County,FALSE,N/A,145786,145785,145883,146233,147482,148942,150187,151635,152617,152938,152958
California,Pomona,Los Angeles County,TRUE,Pacific,149058,149030,149083,149682,150484,151137,152325,152553,152637,152659,152361
California,Escondido,San Diego County,TRUE,Pacific,143911,143972,144437,146102,147604,148860,149799,150824,151383,151399,152213
Texas,Killeen,Bell County,FALSE,N/A,127921,127696,128980,130801,134234,136322,137657,140263,143045,145480,149103
Illinois,Naperville,Dupage County,FALSE,N/A,141853,142154,142388,143189,144015,144912,146228,147012,147243,147689,148304
Illinois,Joliet,Will County,FALSE,N/A,147433,147435,147654,147900,148227,147910,147767,147626,148001,148065,148099
Washington,Bellevue,King County,TRUE,Pacific,122363,127885,128358,130271,132194,133823,136445,139918,141927,145451,147599
Illinois,Rockford,Winnebago County,FALSE,N/A,152871,153283,153148,152122,151267,150629,149415,148496,147781,147028,146526
Georgia,Savannah,Chatham County,TRUE,Atlantic,136286,137002,137492,140476,142388,142660,143949,145221,145883,145829,145862
New Jersey,Paterson,Passaic County,FALSE,N/A,146199,146181,146397,145595,146136,146089,145970,145911,145682,145804,145627
California,Torrance,Los Angeles County,TRUE,Pacific,145438,145173,145183,145811,146340,146791,147001,147155,146660,146025,145182
Connecticut,Bridgeport,Fairfield County,TRUE,Atlantic,144229,144239,144858,146131,147097,147726,147892,147460,146353,145408,144900
Texas,McAllen,Hidalgo County,FALSE,N/A,129877,131559,132123,134717,136434,137649,139027,140323,142418,142841,143433
Texas,Mesquite,"Dallas County, Kaufman County",FALSE,N/A,139824,139593,139860,141421,143297,143565,144495,144977,144681,144236,142816
New York,Syracuse,Onondaga County,FALSE,N/A,145170,145206,145270,144566,144462,145096,144385,143827,143181,142300,142749
Texas,Midland,"Midland County, Martin County",FALSE,N/A,111147,111190,111284,113949,119830,124223,128446,133523,135019,136353,142344
California,Pasadena,Los Angeles County,TRUE,Pacific,137122,137120,137123,137678,138163,139391,139665,141211,141833,141995,141371
Tennessee,Murfreesboro,Rutherford County,FALSE,N/A,108755,109073,109524,111716,113824,116872,120562,125585,131242,136103,141344
Florida,Miramar,Broward County,TRUE,Atlantic,122041,121958,122299,125046,128695,130127,134504,136454,138925,140123,140823
Ohio,Dayton,Montgomery County,FALSE,N/A,141527,141995,142355,141988,141909,142029,141118,140834,140858,140416,140640
California,Fullerton,Orange County,TRUE,Pacific,135161,135237,135299,136401,138153,138716,138949,140131,140648,139928,139640
Kansas,Olathe,Johnson County,FALSE,N/A,125872,125900,126249,128295,129945,131789,132839,134279,135883,137501,139605
California,Orange,Orange County,TRUE,Pacific,136416,136432,136762,138207,139070,139705,139189,140313,140434,140100,139484
Colorado,Thornton,Adams County,FALSE,N/A,118772,118784,119391,121919,124400,127096,129584,132301,134718,136945,139436
California,Roseville,Placer County,FALSE,N/A,118788,119156,119795,122596,124311,126659,128304,129961,132699,135101,139117
Texas,Denton,Denton County,FALSE,N/A,113383,116371,117058,120137,123631,125100,128309,131204,134266,136082,138541
Texas,Waco,McLennan County,FALSE,N/A,124805,124831,125409,126480,127543,129065,129925,131882,133517,136433,138183
Arizona,Surprise,Maricopa County,FALSE,N/A,117517,117501,117674,119648,122322,125114,127982,130449,132971,134915,138161
Texas,Carrollton,"Denton County, Dallas County, Collin County",FALSE,N/A,119097,119176,119521,122463,125410,126459,128245,132890,133470,135777,136879
Utah,West Valley City,Salt Lake County,FALSE,N/A,129480,129491,129666,131028,132527,133814,134506,135981,136751,136408,136401
South Carolina,Charleston,Charleston County,TRUE,Atlantic,120083,120574,120911,123202,125428,127456,129654,132632,134620,135745,136208
Michigan,Warren,Macomb County,FALSE,N/A,134056,134056,134067,134147,134574,135305,135665,135377,135233,135127,134587
Virginia,Hampton,N/A,TRUE,Atlantic,137436,137384,137336,136528,137083,137243,137597,136187,135238,134581,134313
Florida,Gainesville,Alachua County,FALSE,N/A,124354,124266,124443,125414,125743,126104,127340,129159,131474,132018,133857
California,Visalia,Tulare County,FALSE,N/A,124442,124520,124867,125657,126459,127379,128594,129529,130874,132610,133800
Florida,Coral Springs,Broward County,TRUE,Atlantic,121096,122091,122391,124632,126182,127296,128366,129653,131237,132987,133507
South Carolina,Columbia,Richland County,FALSE,N/A,129272,130432,130783,131286,131744,131526,131785,133584,134079,133869,133451
Iowa,Cedar Rapids,Linn County,FALSE,N/A,126326,126430,126701,128064,128306,128663,129499,130635,131169,132333,133174
Michigan,Sterling Heights,Macomb County,FALSE,N/A,129699,129675,129709,130031,130671,131528,132148,132051,132528,132731,132964
Connecticut,New Haven,New Haven County,TRUE,Atlantic,129779,129884,129817,130839,131117,130915,130618,130391,130424,130640,130418
Connecticut,Stamford,Fairfield County,TRUE,Atlantic,122643,122633,122782,123980,125054,126318,127974,128407,129042,129951,129775
California,Concord,Contra Costa County,TRUE,Pacific,122067,122168,122507,123517,124697,125926,127176,128319,129014,129502,129688
Washington,Kent,King County,TRUE,Pacific,92411,118614,119063,120962,123155,124522,125794,127324,128316,129372,129618
California,Santa Clara,Santa Clara County,TRUE,Pacific,116468,116497,116808,117888,119420,120590,122097,126154,126561,126803,129488
New Jersey,Elizabeth,Union County,TRUE,Atlantic,124969,124972,125262,125789,126605,127305,127698,127746,128074,128205,128885
Texas,Round Rock,Williamson County,FALSE,N/A,99887,100010,100756,103836,106470,109507,112613,115871,120705,123463,128739
California,Thousand Oaks,Ventura County,TRUE,Pacific,126683,126481,126729,127330,127693,128287,128729,128796,128715,128484,127690
Louisiana,Lafayette,Lafayette Parish,FALSE,N/A,120623,121667,121834,122646,123559,124840,126000,126875,127156,126365,126143
Georgia,Athens,Clarke County,FALSE,N/A,115452,115441,116154,116971,118643,119629,119131,122252,123559,125462,125964
Kansas,Topeka,Shawnee County,FALSE,N/A,127473,127631,127913,128216,128087,127726,127496,127422,126989,126583,125904
California,Simi Valley,Ventura County,TRUE,Pacific,124237,124243,124469,125034,125319,125939,126338,126290,126196,126366,125851
North Dakota,Fargo,Cass County,FALSE,N/A,105549,105610,106008,108104,110821,113676,115648,118027,120126,122469,124844
Oklahoma,Norman,Cleveland County,FALSE,N/A,110925,110925,111380,113872,115629,118136,117693,119745,121512,122965,123471
Missouri,Columbia,Boone County,FALSE,N/A,108500,109044,109427,111501,113549,115441,117034,118699,120494,121892,123180
Texas,Abilene,Taylor County,FALSE,N/A,117063,117512,117806,118749,119852,119792,120647,121694,121856,122210,122999
North Carolina,Wilmington,New Hanover County,TRUE,Atlantic,106476,106454,106750,108125,109645,111671,113309,115024,118722,120753,122607
Connecticut,Hartford,Hartford County,FALSE,N/A,124775,124770,125359,125431,125277,125142,124683,124338,123679,122902,122587
California,Victorville,San Bernardino County,FALSE,N/A,115903,115899,116281,117911,119885,120783,121213,121599,121912,122191,122312
Texas,Pearland,"Brazoria County, Fort Bend County, Harris County",TRUE,Gulf of Mexico,91252,93128,94083,96311,99361,102955,106192,111553,116332,119831,122149
California,Vallejo,Solano County,TRUE,Pacific,115942,115897,116127,116694,117604,118575,119644,120558,121064,121644,121913
Michigan,Ann Arbor,Washtenaw County,FALSE,N/A,113934,113973,114160,115519,116074,116818,118733,119931,121035,121621,121890
California,Berkeley,Alameda County,TRUE,Pacific,112580,112494,112875,113953,115311,116968,118735,120739,121487,121999,121643
Pennsylvania,Allentown,Lehigh County,FALSE,N/A,118032,118097,118114,118774,118880,118832,119181,120068,120371,120966,121433
Texas,Richardson,"Dallas County, Collin County",FALSE,N/A,99223,99251,99581,101657,103705,105180,109163,110871,113890,117028,120981
Texas,Odessa,Ector County,FALSE,N/A,99940,99876,99828,102039,105985,110287,114620,118614,117325,116910,120568
Colorado,Arvada,"Jefferson County, Adams County",FALSE,N/A,106433,106722,106882,108036,110192,111846,113679,115409,117726,118998,120492
Massachusetts,Cambridge,Middlesex County,FALSE,N/A,105162,105176,105038,105905,107911,112069,113019,113497,115730,117133,118977
Texas,Sugar Land,Fort Bend County,FALSE,N/A,78817,107850,108417,109858,111283,113501,116815,118304,118560,118611,118600
Texas,Beaumont,Jefferson County,TRUE,Gulf of Mexico,118296,117278,117381,117871,117001,118052,117769,118591,119109,119266,118428
Michigan,Lansing,Ingham County,FALSE,N/A,114297,114253,114309,114533,114653,114736,115102,115358,116635,117882,118427
Indiana,Evansville,Vanderburgh County,FALSE,N/A,117429,120075,120095,120207,120263,120296,120154,119442,118915,118288,117963
Minnesota,Rochester,Olmsted County,FALSE,N/A,106769,106801,107025,108066,108893,110408,111183,112091,113927,115405,116961
Missouri,Independence,Jackson County,FALSE,N/A,116830,116800,116881,116898,117305,117275,117504,117241,117232,117127,116925
California,Fairfield,Solano County,TRUE,Pacific,105321,105425,105562,106208,107471,109130,110735,112411,114545,115887,116884
Utah,Provo,Utah County,FALSE,N/A,112488,112487,112919,115181,115560,116127,115397,114590,116573,117518,116702
Florida,Clearwater,Pinellas County,TRUE,Gulf of Mexico,107685,109019,108933,109075,109420,110170,111065,112876,114157,115476,116478
Texas,College Station,Brazos County,FALSE,N/A,93857,94221,94656,95659,97763,100620,103497,109034,111238,113892,116218
Utah,West Jordan,Salt Lake County,FALSE,N/A,103712,103601,104034,106356,108155,109812,110503,111394,113380,114070,116046
California,Carlsbad,San Diego County,TRUE,Pacific,105328,105329,105679,107468,108982,110723,111688,112785,113423,114641,115877
California,El Monte,Los Angeles County,TRUE,Pacific,113475,113507,113658,114088,114859,115447,115685,115908,115657,115618,115586
California,Murrieta,Riverside County,FALSE,N/A,103466,103680,104181,105329,106491,107379,108089,109451,111606,113116,114985
California,Temecula,Riverside County,FALSE,N/A,100097,100020,100710,102644,104308,106102,108713,111185,112451,114006,114742
Illinois,Springfield,Sangamon County,FALSE,N/A,116250,116998,117141,117780,117930,117637,117501,117231,116540,115688,114694
Florida,Palm Bay,Brevard County,TRUE,Atlantic,103190,104008,104140,104125,104824,105341,106252,108213,110385,112326,114194
California,Costa Mesa,Orange County,TRUE,Pacific,109960,110078,110225,111162,111830,112307,112577,112930,113092,113825,113615
Colorado,Westminster,"Adams County, Jefferson County",FALSE,N/A,106114,106144,106442,107746,109101,110458,111567,112475,113034,113254,113479
South Carolina,North Charleston,"Berkeley County, Charleston County, Dorchester County",TRUE,Atlantic,97471,97559,97939,99895,102014,104096,106832,108697,109859,110932,113237
Florida,Miami Gardens,Miami-Dade County,TRUE,Atlantic,107167,107162,107518,109945,111149,111939,112036,112739,113128,113504,113069
New Hampshire,Manchester,Hillsborough County,FALSE,N/A,109565,109549,109613,110016,110635,110758,110951,111039,111659,112117,112525
North Carolina,High Point,"Guilford County, Randolph County, Davidson County, Forsyth County",FALSE,N/A,104371,104514,104697,105812,106541,107559,108796,110285,111685,111977,112316
California,Downey,Los Angeles County,TRUE,Pacific,111772,111775,111788,112232,112629,112934,113195,113398,113066,112596,112269
California,Clovis,Fresno County,FALSE,N/A,95631,95835,96246,97423,98482,99548,101853,103807,106366,109362,112022
Florida,Pompano Beach,Broward County,TRUE,Atlantic,99845,99844,100072,101762,102911,104218,105549,106973,109402,110379,111954
Colorado,Pueblo,Pueblo County,FALSE,N/A,106595,106544,106834,107211,107556,107760,107921,109031,110173,111129,111750
Illinois,Elgin,Kane County,FALSE,N/A,108188,108147,108320,109160,109665,110128,111054,112018,112322,112181,111683
Massachusetts,Lowell,Middlesex County,FALSE,N/A,106519,106528,106787,107767,108805,109768,110541,111149,111250,111728,111670
California,Antioch,Contra Costa County,TRUE,Pacific,102372,102745,103082,104194,105580,107384,109119,110326,111074,111419,111535
Florida,West Palm Beach,Palm Beach County,TRUE,Atlantic,99919,100666,100817,101499,102540,103443,104350,106893,108790,110345,111398
Illinois,Peoria,Peoria County,FALSE,N/A,115007,115108,114936,115373,115746,116599,115916,115150,114189,112592,111388
Washington,Everett,Snohomish County,TRUE,Pacific,103019,103070,103291,103557,104555,105175,106580,107219,109098,110385,111262
California,San Buenaventura (Ventura),Ventura County,TRUE,Pacific,106433,107236,107458,108340,109064,109419,109641,109839,110127,110346,111128
Colorado,Centennial,Arapahoe County,FALSE,N/A,100377,100635,100990,102510,104266,106667,107478,109170,109793,110453,110831
Florida,Lakeland,Polk County,FALSE,N/A,97422,97309,97679,98868,99035,100366,102082,103607,105917,107791,110516
Oregon,Gresham,Multnomah County,FALSE,N/A,105594,105639,106010,107715,108785,109240,110034,110387,111813,111342,110158
California,Richmond,Contra Costa County,TRUE,Pacific,103701,103262,103639,104888,106044,107119,107969,109082,109652,109786,110146
Montana,Billings,Yellowstone County,FALSE,N/A,104170,104294,104521,105457,106772,108581,108458,109638,109647,109806,109550
California,Inglewood,Los Angeles County,TRUE,Pacific,109673,109672,109687,110542,110938,111055,110971,110860,110470,110108,109419
Oklahoma,Broken Arrow,"Tulsa County, Wagoner County",FALSE,N/A,98850,98838,99252,100225,102241,103674,105028,106931,107968,108450,109171
Georgia,Sandy Springs,Fulton County,FALSE,N/A,93853,93820,94271,96664,98879,99381,101386,104791,105553,106544,108797
California,Jurupa Valley,Riverside County,FALSE,N/A,(X),94989,95593,97188,98353,99479,100099,101474,103248,105739,108393
Oregon,Hillsboro,Washington County,FALSE,N/A,91611,92274,92569,94285,96364,98192,99873,102594,105371,107421,108389
Connecticut,Waterbury,New Haven County,TRUE,Atlantic,110366,110329,110371,110086,110035,109751,109551,109018,108473,108277,108093
California,Santa Maria,Santa Barbara County,TRUE,Pacific,99553,99595,99690,100299,101149,102112,103096,104532,105896,106375,107408
Colorado,Boulder,Boulder County,FALSE,N/A,97385,97640,98512,101115,102169,103640,105482,107793,108288,107895,107353
Colorado,Greeley,Weld County,FALSE,N/A,92889,92945,93264,94393,95339,96594,98649,101607,104575,106639,107348
California,Daly City,San Mateo County,TRUE,Pacific,101123,101132,101282,102485,103961,105047,105972,106610,106941,106736,107008
Idaho,Meridian,Ada County,FALSE,N/A,75092,76959,77402,79687,82094,85060,89151,92147,96280,100653,106804
Texas,Lewisville,Denton County,FALSE,N/A,95290,95458,95920,97595,99643,101065,102841,103744,104735,106077,106586
Florida,Davie,Broward County,TRUE,Atlantic,91992,91950,92320,94465,95806,97653,99257,101311,103358,105239,106558
California,West Covina,Los Angeles County,TRUE,Pacific,106098,106108,106128,106738,107130,107424,107552,107677,107607,107115,106311
Texas,League City,"Galveston County, Harris County",TRUE,Gulf of Mexico,83560,83563,84077,86271,88262,90839,94205,97965,101800,104554,106244
Texas,Tyler,Smith County,FALSE,N/A,96900,96887,97173,98048,98986,99784,101515,102711,103954,104810,105729
California,Norwalk,Los Angeles County,TRUE,Pacific,105549,105549,105547,105915,106019,106192,106282,106365,106002,105620,105120
California,San Mateo,San Mateo County,TRUE,Pacific,97207,97207,97399,98538,99859,101385,102773,103581,104420,104399,105025
Wisconsin,Green Bay,Brown County,FALSE,N/A,104057,103911,103977,104337,104657,104630,104671,104820,104719,104986,104879
Texas,Wichita Falls,Wichita County,FALSE,N/A,104553,104682,104793,103946,104622,104955,105216,103960,104203,104493,104576
Nevada,Sparks,Washoe County,FALSE,N/A,90264,91066,91189,91566,92372,93296,94547,95765,98105,100149,104246
California,Burbank,Los Angeles County,TRUE,Pacific,103340,103358,103357,103749,104125,104430,104508,104613,104266,104351,103695
California,Rialto,San Bernardino County,FALSE,N/A,99171,99112,99338,100579,101315,101603,102107,102572,102992,103326,103440
Texas,Allen,Collin County,FALSE,N/A,84246,84275,84920,87661,89786,92138,94168,98190,99512,100912,103383
California,El Cajon,San Diego County,TRUE,Pacific,99478,99513,99754,100730,101491,102274,102777,103248,103573,103509,103241
New Mexico,Las Cruces,Doña Ana County,FALSE,N/A,97618,97728,98312,100238,101092,101307,101275,101179,101357,101968,102926
Washington,Renton,King County,TRUE,Pacific,90927,91903,92345,94180,96024,97183,98709,100571,101638,102107,102153
Iowa,Davenport,Scott County,FALSE,N/A,99685,99693,99671,100283,101151,102046,102360,102434,102395,102335,102085
Indiana,South Bend,St. Joseph County,FALSE,N/A,101168,101241,101191,101138,100990,101165,101411,101585,101884,101968,101860
California,Vista,San Diego County,TRUE,Pacific,93834,93349,93566,94526,95495,96418,97225,99885,101040,101028,101224
Alabama,Tuscaloosa,Tuscaloosa County,FALSE,N/A,90468,90373,90550,91429,92807,94378,96147,97988,98990,100118,101113
Texas,San Angelo,Tom Green County,FALSE,N/A,93200,93221,93625,94526,95844,97068,98592,99716,99809,99830,100215
Wisconsin,Kenosha,Kenosha County,FALSE,N/A,99218,99323,99440,99599,99908,99756,99785,99559,99485,99965,100164
California,Vacaville,Solano County,TRUE,Pacific,92428,92422,92563,93227,93673,94047,95436,96301,98104,99695,100154
Virginia,Roanoke,N/A,FALSE,N/A,97032,96912,96722,96776,98092,98860,99443,99733,99572,99436,99920
Washington,Spokane Valley,Spokane County,FALSE,N/A,89755,89743,90045,90680,90658,91345,92751,94329,95794,97793,99703
Florida,Boca Raton,Palm Beach County,TRUE,Atlantic,84392,84409,85162,86456,87649,89701,91296,93520,96456,98234,99244
Oregon,Beaverton,Washington County,FALSE,N/A,89803,89732,90108,91573,92574,93306,94751,95897,97720,97790,98962
Texas,Edinburg,Hidalgo County,FALSE,N/A,77100,82020,82515,84834,86342,88470,90505,91994,93053,95815,98665
Missouri,Lee's Summit,"Jackson County, Cass County",FALSE,N/A,91364,91366,91525,91911,92371,92969,93731,94858,96012,97123,98461
New Mexico,Rio Rancho,Sandoval County,FALSE,N/A,87521,87375,87964,89477,90431,91329,91957,93108,94500,96226,98023
Arizona,Yuma,Yuma County,FALSE,N/A,93064,90717,91334,94263,93751,93075,93728,94287,95386,96531,97908
Oregon,Bend,Deschutes County,FALSE,N/A,76639,76651,76652,77552,78592,80879,83493,86238,90611,94525,97590
Utah,Orem,Utah County,FALSE,N/A,88328,88328,88722,89600,90579,91327,91375,93770,96865,97627,97521
Kansas,Lawrence,Douglas County,FALSE,N/A,87643,87757,88068,89125,89950,91179,92719,94104,95648,96753,97286
New York,Albany,Albany County,FALSE,N/A,97856,97841,97744,97940,98399,98487,98370,98234,97939,97726,97279
Georgia,South Fulton,Fulton County,FALSE,N/A,(X),85569,86123,88672,91005,91749,92495,93505,95239,96019,97277
Washington,Federal Way,King County,TRUE,Pacific,89306,89300,89562,90720,91997,92723,93532,95359,97241,97377,97044
Utah,Sandy,Salt Lake County,FALSE,N/A,87461,89977,90034,90877,91782,92459,93215,94421,96293,96314,96901
California,San Marcos,San Diego County,TRUE,Pacific,83781,83642,83942,85023,86863,89494,92471,93338,95116,95811,96847
California,Compton,Los Angeles County,TRUE,Pacific,96455,96411,96454,96948,97393,97664,97717,97746,97410,97174,96617
Colorado,Longmont,"Boulder County, Weld County",FALSE,N/A,86270,86310,86424,87668,88891,90217,90635,92317,93310,94712,96577
Pennsylvania,Erie,Erie County,FALSE,N/A,101786,101747,101724,101506,101287,100533,99712,99024,98239,97313,96471
Idaho,Nampa,Canyon County,FALSE,N/A,81557,81843,81961,82675,83909,86351,87876,89494,91052,93631,96252
Michigan,Flint,Genesee County,FALSE,N/A,102434,102230,101997,101207,100185,99427,98565,97761,97026,96488,95943
Massachusetts,Brockton,Plymouth County,TRUE,Atlantic,93810,93767,93809,94109,94047,94365,94863,95433,95391,95659,95777
Florida,Sunrise,Broward County,TRUE,Atlantic,84439,84305,84549,86299,88591,89776,90687,91940,93681,94261,95458
Massachusetts,New Bedford,Bristol County,TRUE,Atlantic,95072,95068,95056,94886,94997,95073,95132,95111,95070,94990,95315
California,Hesperia,San Bernardino County,FALSE,N/A,90173,90117,90300,91198,91620,91850,92169,92765,93383,94610,95274
California,Mission Viejo,Orange County,TRUE,Pacific,93305,93112,93237,94038,94671,96069,96716,96664,96299,95698,95202
California,Chico,Butte County,FALSE,N/A,86187,86807,86788,87269,87934,88392,89545,90487,91733,93326,94776
Massachusetts,Lynn,Essex County,TRUE,Atlantic,90329,90333,90543,90716,91452,92048,92599,93247,93406,94095,94654
Georgia,Roswell,Fulton County,FALSE,N/A,88346,88332,88795,90899,93214,93669,93610,93826,94525,94636,94650
Virginia,Portsmouth,Norfolk County,FALSE,N/A,95535,95527,95445,95726,96467,96071,95826,96308,95094,94693,94632
Massachusetts,Quincy,Norfolk County,TRUE,Atlantic,92271,92262,92463,92541,92979,93484,93730,93807,94133,94317,94580
California,South Gate,Los Angeles County,TRUE,Pacific,94396,94412,94438,94606,94616,94737,94831,95723,95396,94997,94443
Michigan,Dearborn,Wayne County,FALSE,N/A,98153,98148,97851,97167,96879,96071,95985,95475,95018,94645,94333
Florida,Plantation,Broward County,TRUE,Atlantic,84955,84880,85329,86873,87942,90077,91007,91933,92798,93838,94288
North Carolina,Concord,Cabarrus County,FALSE,N/A,79066,79317,79510,80650,82073,83358,85345,87444,89729,92085,94130
Michigan,Livonia,Wayne County,FALSE,N/A,96942,96857,96627,96134,95920,95244,95238,94830,94471,94173,93971
Washington,Yakima,Yakima County,FALSE,N/A,91067,91276,91646,92616,92687,92765,92859,93058,93572,93675,93884
Indiana,Carmel,Hamilton County,FALSE,N/A,79191,79189,79778,81664,83615,85869,86459,87805,90762,91989,93510
Indiana,Fishers,Hamilton County,FALSE,N/A,76794,77325,77868,80533,82431,84468,86924,88708,89868,91683,93362
North Carolina,Greenville,Pitt County,FALSE,N/A,84554,84722,85109,86277,87642,88879,89292,90557,91045,92068,93137
Oklahoma,Edmond,Oklahoma County,FALSE,N/A,81405,81149,81466,82943,84936,86988,88656,90168,91469,91830,93127
Oklahoma,Lawton,Comanche County,FALSE,N/A,96867,96867,97850,98223,98455,97018,96691,95994,94133,93975,92859
California,Menifee,Riverside County,FALSE,N/A,77519,77496,78044,79786,81165,83210,84708,86616,88286,90334,92595
North Carolina,Asheville,Buncombe County,FALSE,N/A,83393,83433,83471,84455,85329,86367,87855,89387,91145,91798,92452
Florida,Deltona,Volusia County,TRUE,Atlantic,85182,85117,85082,84958,85125,85575,86293,87745,89360,90632,91951
California,Carson,Los Angeles County,TRUE,Pacific,91714,91714,91607,91704,92199,92596,92767,92860,92710,92329,91909
California,Tracy,San Joaquin County,FALSE,N/A,82922,83406,83606,84288,84733,84892,85715,86884,89081,90579,91812
California,Redding,Shasta County,FALSE,N/A,89861,89861,89900,90176,90397,90775,91151,90990,91210,91605,91772
Florida,Miami Beach,Miami-Dade County,TRUE,Atlantic,87779,87739,88085,89967,90830,91424,91452,91908,92042,92061,91718
California,Chino,San Bernardino County,FALSE,N/A,77983,78078,78657,79606,79982,80848,84367,85253,87576,89717,91583
California,Santa Monica,Los Angeles County,TRUE,Pacific,89736,89742,89763,90492,91369,92115,92180,92545,92330,91902,91411
California,Santa Barbara,Santa Barbara County,TRUE,Pacific,88410,88380,88470,88612,89312,90127,90880,91334,91579,91574,91350
California,Indio,Riverside County,FALSE,N/A,76036,79138,79648,81053,82292,83427,85221,87036,88340,89589,91240
Virginia,Suffolk,N/A,TRUE,Atlantic,84585,84572,84823,84751,85258,85765,86892,88127,89322,90275,91185
California,Westminster,Orange County,TRUE,Pacific,89701,89613,89769,90710,91243,91660,91609,91656,91602,91261,90938
Washington,Bellingham,Whatcom County,TRUE,Pacific,80885,81252,81344,81896,82347,82638,83440,85063,87038,89139,90665
California,Livermore,Alameda County,TRUE,Pacific,80968,81414,81591,82583,83843,85476,87058,88246,89535,90030,90269
California,San Leandro,Alameda County,TRUE,Pacific,84950,84967,85113,85916,86989,88102,89239,90539,90666,90297,89703
Massachusetts,Fall River,Bristol County,TRUE,Atlantic,88857,88857,88874,88812,88842,88993,89153,89313,89288,89274,89661
Washington,Kirkland,King County,TRUE,Pacific,48787,80585,80866,82084,83432,84539,86078,87410,88062,89259,89557
South Carolina,Mount Pleasant,Charleston County,TRUE,Atlantic,67843,67812,67961,69259,71626,74377,77400,81074,83950,86747,89338
New Hampshire,Nashua,Hillsborough County,FALSE,N/A,86494,86478,86570,86804,86933,87335,87664,88293,88664,89081,89246
Connecticut,Norwalk,Fairfield County,TRUE,Atlantic,85603,85623,85971,86619,87269,87743,88047,88287,88487,88399,89047
Massachusetts,Newton,Middlesex County,FALSE,N/A,85146,85114,85399,85845,87054,87508,88295,88614,88604,88855,88904
Pennsylvania,Reading,Berks County,FALSE,N/A,88082,88016,88064,88212,88165,88295,88204,88083,88145,88158,88495
Missouri,O'Fallon,St. Charles County,FALSE,N/A,79329,79493,79865,81088,82056,83071,84170,85037,86438,87544,88472
Illinois,Champaign,Champaign County,FALSE,N/A,81055,81272,81427,82345,83223,84136,84967,86166,87156,87716,88029
California,Citrus Heights,Sacramento County,FALSE,N/A,83301,83274,83364,83872,84413,85037,85793,86666,87292,87782,87910
Arkansas,Fort Smith,Sebastian County,FALSE,N/A,86209,86269,86297,87206,87630,87400,87154,87697,87615,87879,87845
Texas,Conroe,Montgomery County,FALSE,N/A,56207,65259,65599,67214,69543,70576,73692,76269,82054,84807,87654
Florida,Palm Coast,Flagler County,TRUE,Atlantic,75180,75205,75504,76637,77365,78413,80039,81908,84089,86067,87607
Utah,Ogden,Weber County,FALSE,N/A,82825,82838,83051,83251,83820,84130,84360,85253,86704,87072,87325
Utah,St. George,Washington County,FALSE,N/A,72897,72759,72840,73786,75012,76284,77960,79586,81684,84509,87178
California,Hawthorne,Los Angeles County,TRUE,Pacific,84293,84293,84302,84939,85400,85926,86831,87790,87835,87460,86965
Illinois,Waukegan,Lake County,FALSE,N/A,89078,89072,89126,88954,88778,88884,88788,88371,88174,87638,86792
Arkansas,Fayetteville,Washington County,FALSE,N/A,73580,73573,73955,75595,76961,78651,80424,82346,83598,85601,86751
California,Redwood City,San Mateo County,TRUE,Pacific,76815,76822,77018,77979,79211,81075,82793,85318,85328,86385,86200
California,Whittier,Los Angeles County,TRUE,Pacific,85331,85313,85323,85643,86004,86383,86563,86812,86732,86460,86064
Minnesota,Duluth,St. Louis County,FALSE,N/A,86265,86266,86190,86231,86157,86035,86089,85969,86058,85980,85884
Arizona,Avondale,Maricopa County,FALSE,N/A,76238,76132,76234,77280,78736,79778,80772,81976,83347,84807,85835
California,Lake Forest,Orange County,TRUE,Pacific,77264,77448,77558,78308,78756,79156,79740,82051,83135,83996,85623
Minnesota,Bloomington,Hennepin County,FALSE,N/A,82893,82893,83037,83931,84868,85089,85068,85219,85495,85615,85578
Texas,Bryan,Brazos County,FALSE,N/A,76201,76226,76519,77171,77820,78931,80674,82124,83357,84346,85445
California,Newport Beach,Orange County,TRUE,Pacific,85186,85222,85343,86094,86565,86940,86773,86697,86647,85876,85326
California,Hemet,Riverside County,FALSE,N/A,78657,78627,79087,80222,81039,81743,82578,83351,84175,84848,85275
New Jersey,Clifton,Passaic County,FALSE,N/A,84136,84117,84172,84692,84709,84923,85177,85232,85141,85144,85273
Alabama,Hoover,Jefferson County,FALSE,N/A,81619,80621,80751,81291,82617,83247,83661,84242,84546,84862,85108
Florida,Largo,Pinellas County,TRUE,Gulf of Mexico,77648,79358,79291,79387,79646,80332,80761,81834,84046,84642,84996
Indiana,Bloomington,Monroe County,FALSE,N/A,80405,80314,80630,81505,82169,82476,83184,83601,84396,84896,84981
Texas,Mission,Hidalgo County,FALSE,N/A,77058,77690,78130,79796,81064,81711,82482,83246,83788,84185,84827
Connecticut,Danbury,Fairfield County,TRUE,Atlantic,80893,80907,81324,82096,82793,83606,83722,84252,84995,84680,84730
California,Alhambra,Los Angeles County,TRUE,Pacific,83089,83118,83163,83607,84157,84395,84865,84950,85358,85014,84649
New Mexico,Santa Fe,Santa Fe County,FALSE,N/A,67947,80878,81025,81836,82325,82822,83058,83395,83811,84256,84612
Texas,New Braunfels,"Comal County, Guadalupe County",FALSE,N/A,57740,57677,58059,59311,60875,63005,65890,70118,73343,78928,84612
Georgia,Johns Creek,Fulton County,FALSE,N/A,76728,76640,77091,79216,81856,82467,82762,82985,83914,84232,84310
Michigan,Troy,Oakland County,FALSE,N/A,80980,80972,81020,81643,82271,83011,83407,83500,84095,84194,84272
New Jersey,Trenton,Mercer County,FALSE,N/A,84913,84964,85010,84853,84642,84524,84067,83566,83387,83593,83974
California,Chino Hills,San Bernardino County,FALSE,N/A,74799,74799,74973,75650,76073,76333,76571,77904,78542,80207,83447
California,Mountain View,Santa Clara County,TRUE,Pacific,74066,73997,74227,75102,76514,77978,79185,80378,80852,81197,83377
California,Merced,Merced County,FALSE,N/A,78958,78957,79134,79720,80265,80758,81198,81878,82353,82677,83316
Washington,Kennewick,Benton County,FALSE,N/A,73917,73995,74448,75586,75941,76598,77366,78772,80153,81732,82943
Arizona,Goodyear,Maricopa County,FALSE,N/A,65275,65254,65500,66587,67823,70390,72347,74817,77413,79944,82835
Florida,Melbourne,Brevard County,TRUE,Atlantic,76068,76247,76395,76560,76884,77426,78312,79386,80746,81916,82826
California,Buena Park,Orange County,TRUE,Pacific,80530,80619,80796,81562,82077,82766,82694,82863,83113,82742,82421
Iowa,Sioux City,"Woodbury County, Plymouth County",FALSE,N/A,82684,82693,82858,83086,82686,82610,82546,82665,82670,82163,82396
California,Pleasanton,Alameda County,TRUE,Pacific,70285,70282,70386,71142,72119,74060,77504,79277,82314,82744,82372
Oregon,Medford,Jackson County,FALSE,N/A,74907,74943,74993,75563,76104,76759,77723,78944,80111,81136,82347
Florida,Fort Myers,Lee County,TRUE,Gulf of Mexico,62298,62316,62513,63826,65519,67820,70470,73466,76736,79975,82254
Virginia,Lynchburg,N/A,FALSE,N/A,75568,75533,75551,76582,77276,77950,78155,79271,80038,81065,82126
Washington,Auburn,King County,TRUE,Pacific,70180,70164,70423,71645,73390,74848,76139,77409,78660,81275,81905
Michigan,Westland,Wayne County,FALSE,N/A,84094,84153,83964,83515,83336,82664,82638,82312,82089,81891,81720
Texas,Longview,"Gregg County, Harrison County",FALSE,N/A,80455,80423,80571,81041,81233,81319,81351,81899,81619,81303,81647
Illinois,Cicero,Cook County,FALSE,N/A,83891,84241,84266,84439,84586,84633,84438,83935,83275,82448,81597
California,Manteca,San Joaquin County,FALSE,N/A,67096,67286,67674,69188,70846,71740,73121,74998,76716,78952,81592
Massachusetts,Somerville,Middlesex County,FALSE,N/A,75754,75651,75828,76653,77569,78526,78939,79662,80902,81159,81562
Rhode Island,Cranston,Providence County,TRUE,Atlantic,80387,80559,80689,80807,80996,80972,81189,81248,81188,81034,81274
Michigan,Farmington Hills,Oakland County,FALSE,N/A,79740,79722,79759,80336,80920,81492,81749,81538,81561,81429,81093
Arkansas,Springdale,"Washington County, Benton County",FALSE,N/A,69797,70808,71139,72459,73724,75136,76264,77557,78735,79845,81029
Tennessee,Franklin,Williamson County,FALSE,N/A,62487,62569,62819,64321,66272,68845,70533,72501,74635,78180,80914
Florida,Deerfield Beach,Broward County,TRUE,Atlantic,75018,75021,75191,76513,77414,78028,78598,79353,79986,80512,80863
Rhode Island,Warwick,Kent County,TRUE,Atlantic,82672,82674,82627,82024,81683,81535,81699,81128,80977,80797,80847
Minnesota,Brooklyn Park,Hennepin County,FALSE,N/A,75781,75776,75964,76877,77907,78476,78827,79279,79899,80337,80610
California,Milpitas,Santa Clara County,TRUE,Pacific,66790,66820,66730,67126,68880,69975,73608,77537,77878,77906,80430
Massachusetts,Lawrence,Essex County,TRUE,Atlantic,76377,76348,76558,77263,77922,78401,79208,79732,79870,80062,80376
California,Lakewood,Los Angeles County,TRUE,Pacific,80048,80060,80057,80400,80682,80911,80977,81028,80997,80611,80140
California,Tustin,Orange County,TRUE,Pacific,75540,75317,75475,76233,77600,78166,80203,80174,80357,80229,79795
Texas,Pharr,Hidalgo County,FALSE,N/A,70400,70467,70806,72215,73469,74375,75636,76751,77846,79198,79707
Minnesota,Plymouth,Hennepin County,FALSE,N/A,70576,70589,70713,71696,73103,74101,75188,76058,77377,78159,79450
California,Napa,Napa County,FALSE,N/A,76915,77097,77197,77698,78201,78777,79449,79744,79781,79336,79263
California,Perris,Riverside County,FALSE,N/A,68386,68565,69005,70434,71256,72343,73561,74708,76168,77692,79133
California,Folsom,Sacramento County,FALSE,N/A,72203,72196,72161,72594,73107,72857,75039,76026,77088,77882,79022
Ohio,Parma,Cuyahoga County,FALSE,N/A,81601,81589,81453,80954,80622,80454,80166,80048,79646,79148,78751
New York,New Rochelle,Westchester County,TRUE,Atlantic,77062,77098,77220,77686,78324,79270,79355,79431,79446,79031,78742
California,Alameda,Alameda County,TRUE,Pacific,73812,73812,73950,74694,75655,76511,77550,78467,79061,78940,78338
Florida,Boynton Beach,Palm Beach County,TRUE,Atlantic,68217,68213,68332,68822,69974,71237,73097,73950,75826,77639,78050
Louisiana,Lake Charles,Calcasieu Parish,FALSE,N/A,71993,72264,72393,72716,73496,73708,74325,75477,76218,77302,78001
Illinois,Bloomington,McLean County,FALSE,N/A,76610,76701,76824,77275,77991,79245,78881,78393,78343,78145,77962
Colorado,Loveland,Larimer County,FALSE,N/A,66859,66890,67057,69182,70226,71135,72248,74608,76103,76581,77446
Wisconsin,Racine,Racine County,FALSE,N/A,78860,78848,78751,78454,78191,78074,77905,77581,77455,77507,77432
Texas,Flower Mound,"Denton County, Tarrant County",FALSE,N/A,64669,64675,64861,65957,67723,68318,69443,70844,73334,76453,77329
Utah,Layton,Davis County,FALSE,N/A,67311,67500,67783,68452,68879,70962,72353,73931,75489,76484,77303
Pennsylvania,Scranton,Lackawanna County,FALSE,N/A,76089,76087,76085,75927,76027,75838,75449,77160,77264,77282,77182
California,Bellflower,Los Angeles County,TRUE,Pacific,76616,76610,76613,76933,77219,77440,77587,77875,77681,77429,77131
North Carolina,Gastonia,Gaston County,FALSE,N/A,71741,71722,71710,71874,72520,72820,73222,74061,75037,76417,77024
Texas,Baytown,"Harris County, Chambers County",TRUE,Gulf of Mexico,71802,71635,71792,72540,73377,75424,76040,76435,76544,76895,77024
California,Upland,San Bernardino County,FALSE,N/A,73732,73718,73886,74473,74956,75229,75599,76039,76451,76856,77000
Texas,Cedar Park,"Williamson County, Travis County",FALSE,N/A,48937,55117,55778,58849,61521,64843,67223,69612,72602,75606,76999
Arkansas,Jonesboro,Craighead County,FALSE,N/A,67263,67291,67542,68984,70427,71582,72282,73712,74696,75797,76990
Michigan,Kalamazoo,Kalamazoo County,FALSE,N/A,74262,74261,74330,74686,75541,75796,76104,75832,75833,75809,76545
Iowa,Iowa City,Johnson County,FALSE,N/A,67862,67946,68036,69177,70169,71453,72838,73496,74551,75626,76290
Texas,Temple,Bell County,FALSE,N/A,66102,66078,66610,67111,68745,69531,70187,71772,73012,74439,76256
Missouri,St. Joseph,Buchanan County,FALSE,N/A,76780,76786,76661,77193,77327,77221,76995,76566,76562,76282,75959
California,San Ramon,Contra Costa County,TRUE,Pacific,72148,71423,71597,72186,72874,73595,74375,75163,75708,75761,75839
Michigan,Wyoming,Kent County,FALSE,N/A,72125,72117,72132,72722,73506,74306,74984,75289,75654,75997,75820
California,Baldwin Park,Los Angeles County,TRUE,Pacific,75390,75397,75425,75762,76213,76413,76450,76523,76337,76064,75813
Georgia,Warner Robins,"Houston County, Peach County",FALSE,N/A,66588,69066,69513,70986,71990,72727,73342,73461,74412,74809,75797
Indiana,Hammond,Lake County,FALSE,N/A,80830,80824,80718,80186,79650,79027,78479,77603,77104,76418,75795
Pennsylvania,Bethlehem,"Lehigh County, Northampton County",FALSE,N/A,74982,74951,74956,75033,75015,74836,74955,74953,75255,75545,75790
South Dakota,Rapid City,Pennington County,FALSE,N/A,67956,68461,68618,69035,70181,71167,72431,72792,73435,74476,75443
Indiana,Gary,Lake County,FALSE,N/A,80294,80315,80215,79699,79188,78586,78059,77206,76539,75881,75282
Georgia,Albany,Dougherty County,FALSE,N/A,77434,77431,77417,77874,77516,76393,75914,74864,73930,73205,75249
Illinois,Arlington Heights,Cook County,FALSE,N/A,75101,75187,75256,75534,75938,76151,76190,76045,75864,75536,75249
Illinois,Bolingbrook,"Will County, DuPage County",FALSE,N/A,73366,73365,73476,73788,73962,73927,74065,74174,74427,75072,75178
Washington,Pasco,Franklin County,FALSE,N/A,59781,62160,62925,65546,67699,68442,69563,70371,71618,72999,74778
Texas,Missouri City,"Fort Bend County, Harris County",TRUE,Gulf of Mexico,67358,66531,66898,67424,68090,69296,71054,73519,74190,74368,74705
Michigan,Rochester Hills,Oakland County,FALSE,N/A,70995,70985,71037,71687,72453,73118,73367,73633,73852,74528,74696
California,Rancho Cordova,Sacramento County,FALSE,N/A,64776,64805,65070,65971,66733,67740,69420,70666,72183,73418,74585
California,Union City,Alameda County,TRUE,Pacific,69516,69533,69631,70604,71663,72586,73526,74348,75438,75133,74559
Wisconsin,Appleton,"Outagamie County, Calumet County, Winnebago County",FALSE,N/A,72623,72673,72702,72911,73121,73588,74000,74173,74433,74586,74526
Montana,Missoula,Missoula County,FALSE,N/A,66788,66828,66935,67538,68343,68946,69683,70747,72231,73546,74428
Arizona,Buckeye,Maricopa County,FALSE,N/A,50876,50861,51355,52490,54391,56598,59097,61633,64649,68557,74370
South Carolina,Rock Hill,York County,FALSE,N/A,66154,66547,66547,67251,67781,68438,69334,70837,72088,73013,74309
Texas,Georgetown,Williamson County,FALSE,N/A,47400,47483,48008,50298,52466,54807,58937,63463,66934,70505,74180
Utah,South Jordan,Salt Lake County,FALSE,N/A,50418,50473,51307,53316,55878,59185,62501,66100,68595,71027,74149
Illinois,Evanston,Cook County,FALSE,N/A,74486,74483,74589,75145,75741,76013,76034,75671,75302,74667,74106
New Jersey,Camden,Camden County,FALSE,N/A,77344,77043,76982,77218,76883,76462,75856,75371,73974,73893,73973
Arizona,Flagstaff,Coconino County,FALSE,N/A,65870,66023,66106,66082,67931,68110,68633,70015,71227,72121,73964
Florida,Kissimmee,Osceola County,FALSE,N/A,59682,59600,59736,61358,63457,64956,66541,68597,69284,71205,73597
Illinois,Schaumburg,Cook County,FALSE,N/A,74227,74229,74292,74550,74789,74935,74940,74700,74650,74089,73509
California,Apple Valley,San Bernardino County,FALSE,N/A,69135,69146,69309,70030,70405,70741,71193,71809,72332,72940,73508
California,Turlock,Stanislaus County,FALSE,N/A,68549,68621,68760,69164,69650,70200,70812,71713,72511,73205,73504
Michigan,Southfield,Oakland County,FALSE,N/A,71739,71717,71763,72244,72713,73232,73448,73404,73485,73423,73158
Massachusetts,Framingham,Middlesex County,FALSE,N/A,(X),68325,68667,69651,70064,70417,70787,70937,71469,71866,73123
North Dakota,Bismarck,Burleigh County,FALSE,N/A,61272,61301,61564,62722,64697,67035,68915,71282,72435,72960,73112
North Carolina,Jacksonville,Onslow County,TRUE,Atlantic,70145,70169,77929,75017,76188,75503,74034,74104,72530,72545,72896
Wisconsin,Waukesha,Waukesha County,FALSE,N/A,70718,71222,71214,71219,71716,71779,72015,72381,72416,72547,72549
Connecticut,New Britain,Hartford County,FALSE,N/A,73206,73202,73251,73267,73217,73055,73055,73219,72817,72613,72453
California,Pittsburg,Contra Costa County,TRUE,Pacific,63264,63259,63520,64547,65534,66668,68003,69273,70797,71963,72437
Indiana,Lafayette,Tippecanoe County,FALSE,N/A,67140,68862,68922,69908,70161,70975,71012,71153,72024,72274,72168
Maryland,Frederick,Frederick County,FALSE,N/A,65239,65287,65454,65951,66404,66833,68288,69409,69952,71052,72146
Florida,Lauderhill,Broward County,TRUE,Atlantic,66887,66939,67086,68246,69023,69548,70133,70912,71480,71900,72094
Mississippi,Gulfport,Harrison County,TRUE,Gulf of Mexico,67793,67786,67901,68851,69765,70782,71150,71314,71490,71890,71870
Rhode Island,Pawtucket,Providence County,FALSE,N/A,71148,71139,71253,71385,71569,71617,71691,71758,71798,71665,71847
Minnesota,Maple Grove,Hennepin County,FALSE,N/A,61567,61548,61778,63192,64505,65449,66976,68429,69711,70839,71807
California,Redlands,San Bernardino County,FALSE,N/A,68747,68675,68809,69323,69658,69837,70264,70690,71108,71428,71586
Minnesota,Woodbury,Washington County,FALSE,N/A,61961,61965,62252,63553,64462,65519,66624,67462,68526,69575,71306
Illinois,Decatur,Macon County,FALSE,N/A,76122,76131,76105,75918,75451,74964,74163,73287,72550,71892,71290
Florida,Weston,Broward County,TRUE,Atlantic,65333,65419,65589,66839,67708,68349,68950,69699,70333,70890,71210
Texas,Mansfield,"Tarrant county, Ellis County, Johnson County",FALSE,N/A,56368,56415,56855,58115,59493,61072,62494,64624,66217,68850,70981
Texas,North Richland Hills,Tarrant County,FALSE,N/A,63343,63338,63477,64253,65256,67250,68443,69167,69999,70543,70836
Missouri,St. Charles,St. Charles County,FALSE,N/A,65794,66140,66316,66545,66899,68065,68479,69038,69314,70307,70764
Delaware,Wilmington,New Castle County,TRUE,Atlantic,70851,70835,70725,70821,71008,71167,71169,71112,70919,70671,70635
California,Lynwood,Los Angeles County,TRUE,Pacific,69772,69766,69601,69669,70603,71197,71259,71485,71087,70793,70504
Florida,Homestead,Miami-Dade County,TRUE,Atlantic,60512,60752,61040,62842,63787,64897,65951,66911,68835,69955,70477
Ohio,Canton,Stark County,FALSE,N/A,73007,73043,73065,72817,72786,72558,72281,71816,71273,70817,70458
New Jersey,Passaic,Passaic County,FALSE,N/A,69781,69811,69864,70145,69977,70098,70267,70228,70086,70020,69948
California,Walnut Creek,Contra Costa County,TRUE,Pacific,64173,64165,64323,64836,65548,66840,67538,68765,69235,69607,69825
Washington,Marysville,Snohomish County,TRUE,Pacific,60020,60007,60190,61236,62298,63144,64929,66582,67630,68979,69779
Florida,Delray Beach,Palm Beach County,TRUE,Atlantic,60522,60623,60814,61506,62285,64207,65040,66243,67591,68735,69358
California,Davis,Yolo County,FALSE,N/A,65622,65639,65586,65656,65794,66233,66576,67362,67980,68749,69289
Colorado,Broomfield,Broomfield County,FALSE,N/A,55889,55856,56221,57482,58963,60149,61769,64856,66474,68232,69267
California,Camarillo,Ventura County,TRUE,Pacific,65201,65154,65258,65521,65678,65923,66570,67263,67270,67549,69127
Florida,Daytona Beach,Volusia County,TRUE,Atlantic,61005,61575,61612,61697,62178,62941,63544,64953,67085,68103,68866
Wisconsin,Eau Claire,Eau Claire County,FALSE,N/A,65883,66230,66297,66837,67338,67893,67747,67765,68276,68596,68866
Florida,North Port,Sarasota County,TRUE,Gulf of Mexico,57357,57333,57403,57745,58448,59157,60380,62312,64455,66365,68628
South Carolina,Greenville,Greenville County,FALSE,N/A,58409,59149,59283,59665,60030,60488,61363,63454,66964,68268,68563
Indiana,Muncie,Delaware County,FALSE,N/A,70085,70210,70191,70399,69756,69715,69611,69134,69174,68951,68529
New Jersey,Union City,Hudson County,TRUE,Atlantic,66455,66439,66433,67419,67827,68222,68301,68120,68373,68472,68520
Kentucky,Bowling Green,Warren County,FALSE,N/A,58067,59031,59347,59964,60904,62298,62999,64411,65663,67274,68401
Maryland,Gaithersburg,Montgomery County,FALSE,N/A,59933,59903,60189,61442,63044,65688,66540,67115,67636,68031,68289
Maryland,Rockville,Montgomery County,FALSE,N/A,61209,61255,61498,62066,63306,63852,65480,66782,66985,67895,68268
Alabama,Dothan,Houston County,FALSE,N/A,65496,65774,65950,66472,67081,67546,68009,68198,68211,68217,68247
Louisiana,Bossier City,Bossier Parish,FALSE,N/A,61315,61769,62117,63517,65373,66135,67009,68077,68037,68377,68235
California,Lake Elsinore,Riverside County,FALSE,N/A,51821,53312,53629,55081,56052,57730,60149,61996,63861,66120,68183
Illinois,Palatine,Cook County,FALSE,N/A,68557,68551,68613,68889,69184,69407,69465,69350,69010,68555,68053
Minnesota,St. Cloud,"Stearns County, Benton County, Sherburne County",FALSE,N/A,65842,65926,65940,65888,65945,66103,66554,67324,67768,67999,68043
Iowa,Waterloo,Black Hawk County,FALSE,N/A,68406,68408,68403,68454,68437,68606,68584,68526,68028,67743,67798
California,Yorba Linda,Orange County,TRUE,Pacific,64234,64169,64394,65620,66308,66845,67418,67608,68136,67999,67787
California,South San Francisco,San Mateo County,TRUE,Pacific,63632,63660,63740,64492,65639,66308,66895,67297,67286,67212,67733
Washington,Redmond,King County,TRUE,Pacific,54144,54511,54729,55704,56789,57657,59482,60831,62863,64943,67678
Arkansas,Rogers,Benton County,FALSE,N/A,55964,56021,56275,58134,59575,60576,62003,63507,65143,66482,67600
New York,Mount Vernon,Westchester County,TRUE,Atlantic,67292,67303,67388,67738,67839,68135,68224,68288,68234,67915,67593
California,Redondo Beach,Los Angeles County,TRUE,Pacific,66748,66924,66929,67194,67459,67666,67728,67847,67905,67609,67412
California,Rocklin,Placer County,FALSE,N/A,56974,57131,57473,58425,58963,59622,60080,60945,62666,64738,67221
Iowa,Ames,Story County,FALSE,N/A,58965,59037,59100,60432,61426,63046,64765,65662,65881,66285,67154
Texas,Victoria,Victoria County,TRUE,Gulf of Mexico,62592,62624,62671,63115,64256,64992,65946,67221,67446,67112,67015
California,Lodi,San Joaquin County,FALSE,N/A,62134,62134,62268,62754,63073,63166,63637,64231,64509,65629,66995
California,Yuba City,Sutter County,FALSE,N/A,64925,65634,65633,65358,65283,65549,65773,66187,66308,66707,66992
Tennessee,Jackson,Madison County,FALSE,N/A,65211,66847,66815,66702,67034,67464,67072,66739,66738,66781,66903
Tennessee,Johnson City,"Washington County, Carter County, Sullivan County",FALSE,N/A,63152,63380,63522,63917,64346,64693,65097,65472,66114,66193,66778
Wisconsin,Oshkosh,Winnebago County,FALSE,N/A,66083,66205,66188,66216,66715,66811,66672,66571,66517,66568,66729
California,Palo Alto,Santa Clara County,TRUE,Pacific,64403,64395,64545,65358,66116,66655,66901,66832,67406,67219,66666
Louisiana,Kenner,Jefferson Parish,TRUE,Gulf of Mexico,66702,66685,66689,66864,66837,66891,66833,66961,67159,67006,66657
Iowa,West Des Moines,"Polk County, Dallas County, Warren County",FALSE,N/A,56609,56706,56861,57561,58128,59708,61802,63489,64573,65562,66641
Minnesota,Eagan,Dakota County,FALSE,N/A,64206,64150,64203,64484,64881,65411,66008,66229,66356,66641,66527
Arkansas,Conway,Faulkner County,FALSE,N/A,58908,58871,59588,61543,62733,63274,64099,64442,64862,65563,66426
Maine,Portland,Cumberland County,TRUE,Atlantic,66194,66193,66090,66177,66215,66388,66835,66829,66898,66723,66417
Texas,Rowlett,"Dallas County, Rockwell County",FALSE,N/A,56199,56242,56347,57009,57786,58116,58503,60387,62340,63053,66285
California,Laguna Niguel,Orange County,TRUE,Pacific,62979,62985,63117,63777,64153,64415,65129,65466,65234,66105,66266
Georgia,Alpharetta,Fulton County,FALSE,N/A,57551,57383,57693,59138,61580,61946,62704,63338,65403,65699,66255
Arkansas,North Little Rock,Pulaski County,FALSE,N/A,62304,62368,62453,63488,64656,65939,66664,66402,66179,65911,66127
Florida,Tamarac,Broward County,TRUE,Atlantic,60427,60245,60390,61474,62211,62724,63198,63951,64962,65574,66054
Utah,Lehi,Utah County,FALSE,N/A,47407,47776,48177,49680,51391,55099,57011,59033,61675,63654,66037
Minnesota,Lakeville,Dakota County,FALSE,N/A,55954,55999,56162,56705,57471,58705,59991,60819,62039,63748,65877
Kansas,Shawnee,Johnson County,FALSE,N/A,62209,62207,62316,63008,63560,64241,64452,64984,65347,65532,65845
Alabama,Auburn,Lee County,FALSE,N/A,53380,53453,53802,54968,57183,58863,60421,61818,62882,64082,65738
Washington,Sammamish,King County,TRUE,Pacific,45780,57445,57652,58757,60024,61063,62252,63338,63891,65009,65733
California,Madera,Madera County,FALSE,N/A,61416,61416,61511,61818,62311,62695,63196,63672,64193,65068,65706
New York,Schenectady,Schenectady County,FALSE,N/A,66135,66157,66153,66097,66090,65841,65863,65547,65086,65352,65575
Florida,Jupiter,Palm Beach County,TRUE,Atlantic,55156,55310,55468,56211,57206,58510,60788,62828,64085,64888,65524
Texas,Harlingen,Cameron County,TRUE,Gulf of Mexico,64849,64912,65077,65637,65818,65739,65610,65350,65413,65396,65436
Iowa,Ankeny,Polk County,FALSE,N/A,45582,45612,45845,47048,48365,50783,53299,56109,58621,62389,65284
Minnesota,Blaine,"Anoka County, Ramsey County",FALSE,N/A,57186,57179,57408,58188,59441,60513,61408,62396,63251,64393,65212
Florida,Wellington,Palm Beach County,TRUE,Atlantic,56508,56697,56832,57505,58597,60313,61523,62623,64226,64788,65200
New Jersey,Bayonne,Hudson County,TRUE,Atlantic,63024,63015,63052,63946,64263,64754,65397,65317,65351,65347,65083
Ohio,Youngstown,Mahoning County,FALSE,N/A,66982,66952,66881,66552,66053,65473,65145,64704,64358,64590,64958
California,San Clemente,Orange County,TRUE,Pacific,63522,63478,63586,64240,64613,64862,64979,65193,65256,65043,64857
Colorado,Castle Rock,Douglas County,FALSE,N/A,48231,48254,48590,49689,51017,52658,55163,57093,59195,62125,64827
California,Eastvale,Riverside County,FALSE,N/A,(X),53712,54073,55045,55773,56482,57734,59704,61289,63073,64822
California,Santa Cruz,Santa Cruz County,TRUE,Pacific,59946,59943,60581,61433,61963,62749,63197,64119,64452,64860,64725
Wisconsin,Janesville,Rock County,FALSE,N/A,63575,63635,63601,63414,63483,63655,63841,63875,64029,64321,64565
California,Tulare,Tulare County,FALSE,N/A,59278,59296,59438,59802,60651,60951,61508,62003,62651,63610,64475
New Jersey,East Orange,Essex County,TRUE,Atlantic,64270,64169,64152,64331,64179,64237,64285,64448,64425,64367,64457
Texas,Pflugerville,Travis County,FALSE,N/A,46936,48366,48717,50281,52014,53858,54779,57320,59595,63371,64431
Minnesota,Eden Prairie,Hennepin County,FALSE,N/A,60797,60797,60899,61662,62393,62679,63349,63626,64023,64208,64334
Florida,Port Orange,Volusia County,TRUE,Atlantic,56048,56620,56621,56717,56976,57510,58993,60171,61502,63123,64252
Massachusetts,Haverhill,Essex County,TRUE,N/A,60879,60878,61000,61503,61865,62283,62620,62881,63236,63669,64041
Ohio,Lorain,Lorain County,FALSE,N/A,64097,64099,64074,63929,63746,63725,63759,63641,63707,63778,64028
Wyoming,Cheyenne,Laramie County,FALSE,N/A,59466,59547,59772,60159,61420,62104,62259,62904,63483,63587,63957
California,Brentwood,Contra Costa County,TRUE,Pacific,51481,51624,51811,52717,53523,54943,56894,58825,60599,62271,63800
Texas,San Marcos,Hays County,FALSE,N/A,44894,45143,45266,47669,49972,54350,58907,60302,61521,63058,63509
California,Dublin,Alameda County,TRUE,Pacific,46036,46036,45900,46804,48708,52048,54581,57543,59561,60739,63445
Colorado,Grand Junction,Mesa County,FALSE,N/A,58566,59034,58967,59611,59803,59968,59856,60595,61354,62222,63374
Illinois,Skokie,Cook County,FALSE,N/A,64784,64845,64891,65090,65262,65355,65263,64937,64494,63898,63280
Indiana,Noblesville,Hamilton County,FALSE,N/A,51969,52217,52753,54091,55389,56704,57589,58609,60186,61780,63133
Florida,North Miami,Miami-Dade County,TRUE,Atlantic,58786,58598,58784,60014,60566,60954,60909,61085,61101,61042,62996
Oregon,Springfield,Lane County,TRUE,Pacific,59403,59398,59430,59840,59961,60007,60160,60439,61549,62418,62979
Massachusetts,Waltham,Middlesex County,FALSE,N/A,60632,60621,60872,61359,62029,62311,63097,62981,62923,62919,62962
California,Encinitas,San Diego County,TRUE,Pacific,59518,59515,59675,60257,60894,61571,62048,62631,62980,62941,62904
California,Pico Rivera,Los Angeles County,TRUE,Pacific,62942,62948,62953,63225,63452,63636,63696,63754,63542,63241,62888
California,Montebello,Los Angeles County,TRUE,Pacific,62500,62490,62495,62915,63150,63321,63380,63457,63226,62916,62632
Minnesota,Coon Rapids,Anoka County,FALSE,N/A,61476,61485,61538,61556,61957,62064,62163,62267,62381,62515,62527
Iowa,Council Bluffs,Pottawattamie County,FALSE,N/A,62230,62227,62375,62501,62143,62103,62390,62567,62490,62424,62421
California,La Habra,Orange County,TRUE,Pacific,60239,60264,60357,60922,61256,61527,61734,61804,61634,62230,62183
Ohio,Hamilton,Butler County,FALSE,N/A,62477,62272,62329,62306,62213,62281,62398,62332,62244,62135,62174
Oklahoma,Moore,Cleveland County,FALSE,N/A,55081,55083,55396,56706,57840,58358,59018,60170,61081,61588,62103
California,Petaluma,Sonoma County,TRUE,Pacific,57941,57938,58008,58200,58692,59306,59725,60287,60486,60708,61917
Florida,Doral,Miami-Dade County,TRUE,Atlantic,45704,45709,45951,47494,48355,50552,54177,56075,58360,60933,61824
Idaho,Idaho Falls,Bonneville County,FALSE,N/A,56813,57130,57289,57808,58155,58338,58630,59192,60160,61164,61535
California,National City,San Diego County,TRUE,Pacific,58582,58560,58626,59045,59384,59799,60168,60774,61038,61149,61431
Florida,Coconut Creek,Broward County,TRUE,Atlantic,52909,53037,53179,54318,55132,56930,58519,59211,59822,61066,61361
Utah,Millcreek,Salt Lake County,FALSE,N/A,(X),58739,58848,59387,59881,60285,60211,60186,60367,60768,61270
Minnesota,Burnsville,Dakota County,FALSE,N/A,60306,60286,60391,60645,60866,61148,61321,61216,61335,61464,61203
Michigan,Taylor,Wayne County,FALSE,N/A,63131,63131,62982,62626,62464,61960,62075,61771,61563,61373,61148
Massachusetts,Malden,Middlesex County,FALSE,N/A,59450,59416,59571,60004,60468,60817,61093,61258,61159,61071,61036
North Carolina,Chapel Hill,"Orange County, Chatham County, Durham County",FALSE,N/A,57233,57220,57402,57356,58649,58839,59096,59047,59688,58997,60988
Michigan,Novi,Oakland County,FALSE,N/A,55224,55232,55287,56050,57043,58127,58639,58925,59617,59985,60951
Georgia,Marietta,Cobb County,FALSE,N/A,56579,56594,56827,57471,58281,58937,59672,59973,60815,60789,60806
Indiana,Terre Haute,Vigo County,FALSE,N/A,60785,60785,60787,60973,61167,60903,60763,60561,60655,60816,60753
Washington,Lakewood,Pierce County,TRUE,Pacific,58163,57532,57598,57938,58108,58142,58582,58883,59741,60310,60538
California,Woodland,Yolo County,FALSE,N/A,55468,55553,55617,55787,56284,56731,57354,58378,59056,59877,60531
Florida,Ocala,Marion County,FALSE,N/A,56315,56566,56564,56705,56788,56808,57187,57744,58510,59155,60429
California,Monterey Park,Los Angeles County,TRUE,Pacific,60269,60226,60222,60471,60674,60840,60890,60989,60930,60769,60401
Utah,Taylorsville,Salt Lake County,FALSE,N/A,58652,58691,58760,59759,60240,60563,60396,60327,60407,60091,60192
California,Cupertino,Santa Clara County,TRUE,Pacific,58302,58572,58703,59189,59800,60238,60646,60571,60955,60621,60170
New York,Utica,Oneida County,FALSE,N/A,62235,62239,62206,62030,61883,61683,61297,60911,60616,60402,60100
Florida,Sanford,Seminole County,FALSE,N/A,53570,53910,53948,54351,54912,56260,57624,58251,58897,59437,60035
Connecticut,Bristol,Hartford County,FALSE,N/A,60477,60474,60478,60569,60635,60542,60576,60513,60289,60110,60032
California,Porterville,Tulare County,FALSE,N/A,54165,58152,58254,58626,58826,59038,59184,59952,59948,59989,59988
New Jersey,Vineland,Cumberland County,TRUE,Atlantic,60724,60737,60821,60984,60926,60879,60899,60606,60339,59972,59966
Kentucky,Owensboro,Daviess County,FALSE,N/A,57265,57454,57481,57733,58129,58341,58398,58999,59261,59518,59809
Michigan,Pontiac,Oakland County,FALSE,N/A,59515,59631,59623,59844,60235,60388,60408,60198,60154,60053,59772
California,Gardena,Los Angeles County,TRUE,Pacific,58829,58829,58837,59124,59392,59826,59895,60014,59961,59957,59721
California,La Mesa,San Diego County,TRUE,Pacific,57065,57012,57146,57644,58112,58582,58892,59754,59824,59796,59556
Connecticut,Meriden,New Haven County,TRUE,Atlantic,60868,60841,60849,60714,60687,60510,60409,60089,59734,59663,59540
Wisconsin,West Allis,Milwaukee County,FALSE,N/A,60411,60410,60428,60496,60705,60815,60779,60734,60353,59872,59492
Michigan,Royal Oak,Oakland County,FALSE,N/A,57236,57231,57260,57692,58138,58565,58768,58750,59225,59370,59461
Pennsylvania,Lancaster,Lancaster County,FALSE,N/A,59322,59333,59347,59482,59473,59468,59483,59508,59546,59532,59420
Michigan,St. Clair Shores,Macomb County,FALSE,N/A,59715,59765,59767,59794,59986,60187,60091,59920,59799,59692,59409
Tennessee,Bartlett,Shelby County,FALSE,N/A,54613,56925,57011,57360,58201,58211,58334,58641,58853,59050,59315
Ohio,Springfield,Clark County,FALSE,N/A,60608,60565,60533,60260,60077,59870,59730,59442,58893,59206,59282
Illinois,Des Plaines,Cook County,FALSE,N/A,58364,58385,58458,58732,58994,59136,59138,58856,58478,58120,58959
Indiana,Greenwood,Johnson County,FALSE,N/A,49791,51183,51227,52091,52863,53721,54512,55337,56416,57433,58778
California,Gilroy,Santa Clara County,TRUE,Pacific,48821,48888,49013,49709,50738,51924,52576,53292,55409,57579,58756
California,San Rafael,Marin County,TRUE,Pacific,57713,57696,57796,58229,58452,59005,59146,59095,58932,58794,58704
Montana,Great Falls,Cascade County,FALSE,N/A,58505,59100,59220,59376,59257,59528,59343,59270,58879,58842,58701
Maryland,Bowie,Prince George's County,FALSE,N/A,54727,55335,55498,56041,56621,57155,57811,58287,58485,58596,58682
Florida,Margate,Broward County,TRUE,Atlantic,53284,53120,53243,54189,54830,55271,55686,56755,57849,58205,58656
Oregon,Corvallis,Benton County,FALSE,N/A,54462,54494,54400,54727,55138,54711,55522,56341,57220,58413,58641
California,Arcadia,Los Angeles County,TRUE,Pacific,56364,56327,56348,56627,56850,57279,57593,57934,58359,58498,58610
Colorado,Commerce City,Adams County,FALSE,N/A,45913,45905,46172,47557,48582,49797,51551,53245,54631,56063,58449
Illinois,Orland Park,"Cook County, Will County",FALSE,N/A,56767,56638,56696,57002,57278,58527,58657,58605,58997,58658,58312
California,Huntington Park,Los Angeles County,TRUE,Pacific,58114,58112,58115,58331,58537,58768,58952,58997,58780,58555,58173
California,Santee,San Diego County,TRUE,Pacific,53413,53420,53642,54525,55395,56179,56867,57530,57754,57900,58115
New York,White Plains,Westchester County,TRUE,Atlantic,56853,56859,56942,57178,57256,57659,57748,58032,58002,58358,58111
Iowa,Dubuque,Dubuque County,FALSE,N/A,57637,57605,57688,57907,58163,58486,58573,58602,58287,58267,57941
Indiana,Kokomo,Howard County,FALSE,N/A,45468,58061,58066,58076,58078,58071,58027,57853,57644,57797,57869
Massachusetts,Medford,Middlesex County,FALSE,N/A,56173,56304,56425,56840,57276,57424,57572,57811,57849,57783,57765
Florida,Sarasota,Sarasota County,TRUE,Gulf of Mexico,51917,52102,52216,52520,52953,53151,54019,54963,56446,57186,57738
Massachusetts,Weymouth Town,Norfolk County,TRUE,Atlantic,53743,53762,53830,54176,55062,55458,55737,55807,55914,56744,57719
Florida,Bradenton,Manatee County,TRUE,Gulf of Mexico,49546,49270,49308,49637,50207,51180,52259,53832,55037,56659,57644
Tennessee,Hendersonville,Sumner County,FALSE,N/A,51372,51333,51480,52273,52916,53824,54856,55588,56551,57541,57576
Wyoming,Casper,Natrona County,FALSE,N/A,55316,55313,55256,56079,57674,59475,59660,59990,58896,57812,57461
Florida,Bonita Springs,Lee County,TRUE,Gulf of Mexico,43914,43928,44073,45033,46337,47659,49361,51820,54355,56106,57370
Texas,Euless,Tarrant County,FALSE,N/A,51277,51272,51420,52057,52767,53156,53587,54183,54902,55273,57346
Oklahoma,Midwest City,Oklahoma County,FALSE,N/A,54371,54371,54583,55399,56263,56866,57125,57315,57462,57241,57325
Washington,Richland,Benton County,FALSE,N/A,48058,48105,48487,50227,51381,52169,52871,54045,54742,56328,57303
Massachusetts,Taunton,Bristol County,TRUE,Atlantic,55874,55874,55899,55921,56042,56164,56718,56879,56958,56970,57296
Arizona,Casa Grande,Pinal County,FALSE,N/A,48571,48555,48945,48904,49468,49798,51405,52751,54339,55815,57232
Missouri,St. Peters,St. Charles County,FALSE,N/A,52575,52578,52777,53388,54035,54798,55984,56714,57126,57146,57127
North Carolina,Huntersville,Mecklenburg County,FALSE,N/A,46773,46763,46959,48035,49280,50534,51595,52830,55120,56201,57098
North Dakota,Grand Forks,Grand Forks County,FALSE,N/A,52838,52921,53038,52758,53561,54896,55800,56527,56740,56796,56948
California,Hanford,Kings County,FALSE,N/A,53967,54371,54399,54551,54473,54707,55059,55585,55647,56332,56910
Washington,Shoreline,King County,TRUE,Pacific,53007,53031,53180,53793,54508,54857,55317,55657,55751,56586,56752
Georgia,Smyrna,Cobb County,FALSE,N/A,51271,51188,51292,51783,52480,53235,54582,55749,56419,56435,56706
Idaho,Caldwell,Canyon County,FALSE,N/A,46237,46319,46512,47246,47689,48963,50129,51543,53098,54732,56541
Georgia,Valdosta,Lowndes County,FALSE,N/A,54518,54764,54980,55784,57159,56094,56312,55822,55843,56048,56426
Florida,Palm Beach Gardens,Palm Beach County,TRUE,Atlantic,48452,49100,49217,49760,50514,51413,52575,53616,54709,55512,56284
California,Diamond Bar,Los Angeles County,TRUE,Pacific,55544,55552,55572,55846,56096,56256,56318,56484,56656,56411,56275
Idaho,Pocatello,"Bannock County, Power County",FALSE,N/A,54255,54233,54331,54690,54770,54470,54423,54790,54986,55436,56266
Illinois,Tinley Park,"Cook County, Will County",FALSE,N/A,56703,56836,56894,57100,57291,57404,57409,57249,56985,56606,56204
Texas,Leander,"Williamson County, Travis County",FALSE,N/A,26521,27271,27697,29115,30645,32804,35332,39076,43864,49882,56111
New Jersey,New Brunswick,Middlesex County,TRUE,Atlantic,55181,54500,54887,55294,55412,55907,55899,56033,56215,56145,56100
California,Fountain Valley,Orange County,TRUE,Pacific,55313,55360,55472,55956,56338,56632,56715,56704,56503,56128,55814
California,Novato,Marin County,TRUE,Pacific,51904,51872,51974,52682,53229,54155,54879,55437,55939,55707,55655
Colorado,Parker,Douglas County,FALSE,N/A,45297,45337,45523,46093,47035,48354,49501,51021,52614,54085,55636
Michigan,Dearborn Heights,Wayne County,FALSE,N/A,57774,57774,57640,57273,57115,56656,56602,56317,56082,55847,55616
Massachusetts,Chicopee,Hampden County,FALSE,N/A,55298,55305,55305,55583,55795,55882,56233,55789,55342,55363,55582
Illinois,Oak Lawn,Cook County,FALSE,N/A,56690,56690,56732,56925,57089,57191,57134,56860,56494,56016,55511
Nevada,Carson City,N/A,FALSE,N/A,55274,55274,54986,54679,54319,53736,54096,54069,54147,54608,55414
California,Highland,San Bernardino County,FALSE,N/A,53104,53100,53214,53668,53948,54169,54353,54585,54786,55232,55406
Kansas,Lenexa,Johnson County,FALSE,N/A,48190,48212,48289,48858,49349,50278,50926,52425,53011,53547,55294
New York,Hempstead,Nassau County,TRUE,Atlantic,53891,54018,54082,54186,54987,55478,55496,55418,55380,55373,55255
Missouri,Blue Springs,Jackson County,FALSE,N/A,52575,52620,52683,52777,53003,53174,53489,54016,54397,54852,55104
Ohio,Kettering,"Montgomery County, Greene County",FALSE,N/A,56163,56143,56143,56007,55935,55809,55565,55394,55261,55175,55103
Arizona,Lake Havasu City,Mohave County,FALSE,N/A,52527,52531,52578,52787,52797,52794,53042,53422,53829,54411,55090
Indiana,Anderson,Madison County,FALSE,N/A,56129,56169,56151,55883,55532,55561,55358,55121,55082,55033,55037
Texas,Port Arthur,Jefferson County,TRUE,Gulf of Mexico,53818,54376,54505,54906,54574,54746,54565,55449,55670,55544,55018
Kansas,Manhattan,"Riley County, Pottawatomie County",FALSE,N/A,52281,52158,52526,54145,56597,56104,55685,56481,55237,55132,54959
Mississippi,Southaven,DeSoto County,FALSE,N/A,48982,48979,49124,49746,50393,50963,51724,52500,53161,54085,54944
Illinois,Berwyn,Cook County,FALSE,N/A,56657,56653,56673,56794,56900,56938,56812,56477,56037,55480,54917
California,Cathedral City,Riverside County,FALSE,N/A,51200,51254,51476,52100,52509,52890,53238,53572,54003,54465,54902
Connecticut,West Haven,New Haven County,TRUE,Atlantic,55564,55564,55570,55505,55283,55132,55293,54876,54644,54836,54879
Oregon,Tigard,Washington County,FALSE,N/A,48035,48205,48327,49240,49820,50368,50686,51070,51960,53350,54758
Illinois,Normal,McLean County,FALSE,N/A,52497,52543,52635,53108,54016,54662,54514,54291,54404,54469,54742
California,Colton,San Bernardino County,FALSE,N/A,52154,52150,52265,52716,52962,53131,53741,54334,54553,54722,54741
Georgia,Stonecrest,DeKalb County,FALSE,N/A,(X),50190,50241,50709,51521,52071,52599,53333,54066,54323,54522
Oregon,Albany,"Linn County, Benton County",FALSE,N/A,50158,50142,50327,50943,51017,50941,51352,51657,52689,53481,54453
California,Rosemead,Los Angeles County,TRUE,Pacific,53764,53771,53798,54030,54239,54435,54482,54510,54423,54310,54412
California,Paramount,Los Angeles County,TRUE,Pacific,54098,54098,54107,54334,54594,54882,54949,55017,54840,54666,54387
Alabama,Decatur,"Morgan County, Limestone County",FALSE,N/A,55683,55783,55812,55887,55804,55439,55246,55007,54678,54347,54264
North Carolina,Rocky Mount,"Edgecombe County, Nash County",FALSE,N/A,57477,57700,57685,57415,56757,56335,55919,55052,55041,54682,54242
Illinois,Mount Prospect,Cook County,FALSE,N/A,54167,55037,55084,55265,55429,55620,55798,55562,55196,54706,54198
Georgia,Brookhaven,DeKalb County,FALSE,N/A,(X),49607,49659,50113,50908,51446,51959,52673,53152,53689,54145
Minnesota,Apple Valley,Dakota County,FALSE,N/A,49084,49092,49146,49488,49723,49928,50204,50965,51963,52432,54121
Florida,St. Cloud,Osceola County,FALSE,N/A,35183,37816,38011,39499,41201,42532,44631,46726,48505,51548,54115
Tennessee,Kingsport,"Sullivan County, Hawkins County",FALSE,N/A,48205,53007,52963,52927,52751,52828,52838,52778,52539,53515,54076
Virginia,Harrisonburg,Rockingham County,FALSE,N/A,48914,48900,48991,49932,51315,51550,52558,52755,53701,53907,54033
Texas,Grapevine,"Tarrant County, Dallas County",FALSE,N/A,46334,46336,46611,47106,48441,50138,50805,51469,52100,54029,53976
Minnesota,Minnetonka,Hennepin County,FALSE,N/A,49734,49737,49798,50644,51235,51444,51565,51758,52473,52927,53953
California,Watsonville,Santa Cruz County,TRUE,Pacific,51199,51204,51271,51584,51885,52420,52975,53548,53808,53937,53920
Virginia,Leesburg,Loudoun County,FALSE,N/A,42616,42614,43038,44510,46056,47695,49326,50917,52471,54027,53917
Ohio,Elyria,Lorain County,FALSE,N/A,54533,54528,54488,54321,54163,54118,54083,53924,53877,53823,53881
North Carolina,Apex,Wake County,FALSE,N/A,37476,37621,37885,38884,40546,42280,43960,45554,47449,50444,53852
Massachusetts,Revere,Suffolk County,TRUE,Atlantic,51755,51737,51872,52653,53270,53731,53844,54012,54021,54163,53821
North Carolina,Burlington,Alamance County,FALSE,N/A,49963,50862,50959,50952,50985,51107,51270,51667,51995,52981,53748
California,West Sacramento,Yolo County,FALSE,N/A,48744,48744,48847,49111,49548,50009,51688,52465,52946,53324,53727
California,Yucaipa,San Bernardino County,FALSE,N/A,51367,51347,51476,51960,52298,52579,52774,53034,53246,53556,53682
Nebraska,Bellevue,Sarpy County,FALSE,N/A,50137,51531,51645,51864,52411,52792,52715,52976,53328,53487,53627
Texas,DeSoto,Dallas County,FALSE,N/A,49047,49043,49349,50208,51250,51640,52118,52700,53192,53660,53523
Florida,Apopka,Orange County,FALSE,N/A,41542,42140,42357,43711,45056,46198,47761,49040,50381,52123,53489
New Jersey,Hoboken,Hudson County,TRUE,Atlantic,50005,50015,50054,50764,51486,52187,52480,52856,53673,53668,53455
Massachusetts,Peabody,Essex County,TRUE,Atlantic,51251,51266,51403,51633,51913,52243,52489,52661,52809,53008,53278
California,Palm Desert,Riverside County,FALSE,N/A,48445,48450,48685,49248,49779,50370,50933,51570,52096,52802,53185
Illinois,Wheaton,DuPage County,FALSE,N/A,52894,53014,53072,53385,53551,53751,53759,53724,53514,53396,53150
Connecticut,Milford,New Haven County,TRUE,Atlantic,51271,51271,51311,51383,51560,51668,51988,52146,52550,52826,53120
Florida,Pinellas Park,Pinellas County,TRUE,Gulf of Mexico,49079,49348,49329,49737,50002,50339,51219,51820,52469,52804,53098
California,Delano,Kern County,FALSE,N/A,53041,53040,53127,53619,52405,52342,52468,52528,52610,52914,53014
New Jersey,West New York,Hudson County,TRUE,Atlantic,49708,49700,49834,50501,50852,51256,51540,52552,52615,52733,52990
Florida,Pensacola,Escambia County,TRUE,Gulf of Mexico,51923,52009,52015,51841,52145,52268,52433,52471,52667,52516,52713
Washington,Olympia,Thurston County,FALSE,N/A,46478,46881,47062,47687,48082,48469,49325,49846,50728,51664,52555
Minnesota,Edina,Hennepin County,FALSE,N/A,47941,47980,48037,48682,49201,49503,49710,50265,51448,51796,52490
Indiana,Elkhart,Elkhart County,FALSE,N/A,50949,51932,51865,51929,52004,52182,52315,52532,52487,52415,52367
Illinois,Oak Park,Cook County,FALSE,N/A,51878,51878,51898,52016,52110,52275,52167,52443,52102,52191,52265
California,Glendora,Los Angeles County,TRUE,Pacific,50073,50253,50365,50618,50803,51142,51097,51820,51947,52068,52002
New Jersey,Perth Amboy,Middlesex County,TRUE,Atlantic,50814,50827,50919,51137,51563,51737,51853,51734,51802,51871,51928
Washington,Burien,King County,TRUE,Pacific,33313,48081,48225,48813,49553,49962,50364,50720,51435,52050,51908
Michigan,Kentwood,Kent County,FALSE,N/A,48707,48701,48733,49185,49755,50361,50873,51367,51753,51784,51868
California,Aliso Viejo,Orange County,TRUE,Pacific,47823,48098,48227,48908,49487,50001,50014,49988,51368,51492,51783
South Carolina,Summerville,"Dorchester County, Berkeley County, Charleston County",TRUE,Atlantic,43392,42868,43078,43880,44606,45846,47256,49107,50077,51330,51692
California,Placentia,Orange County,TRUE,Pacific,50533,50917,50998,51510,51859,52136,52150,52260,52221,51982,51671
Utah,Logan,Cache County,FALSE,N/A,48174,48218,48463,49053,49115,49079,49074,49826,50712,51172,51619
Texas,Wylie,"Collin County, Dallas County, Rockwall County",FALSE,N/A,41427,41677,42047,43647,44881,45535,46702,47657,48859,49957,51585
Wisconsin,La Crosse,La Crosse County,FALSE,N/A,51320,51348,51381,51228,51966,51891,52148,52036,51851,51751,51567
Nebraska,Grand Island,Hall County,FALSE,N/A,48520,48651,48816,49394,49903,50330,50894,50971,51286,51267,51478
Idaho,Coeur d'Alene,Kootenai County,FALSE,N/A,44137,44159,44283,44998,45510,46242,47626,48767,49825,50632,51303
Missouri,Florissant,St. Louis County,FALSE,N/A,52158,52299,52274,52464,52417,52304,52213,52117,51700,51439,51272
Michigan,Battle Creek,Calhoun County,FALSE,N/A,52347,52400,52315,51985,51868,51787,51773,51553,51451,51329,51247
Illinois,Hoffman Estates,"Cook County, Kane County",FALSE,N/A,51895,51891,51944,52150,52316,52415,52368,52133,51871,51505,51197
Arkansas,Bentonville,Benton County,FALSE,N/A,35301,35325,35828,37190,38712,40436,41966,44713,47127,49341,51111
Florida,Coral Gables,Miami-Dade County,TRUE,Atlantic,46780,46747,46967,48048,49499,50215,50637,50771,50919,51171,50999
Tennessee,Smyrna,Rutherford County,FALSE,N/A,39974,40384,40550,41383,42106,43497,45709,46922,48504,49916,50775
Washington,Lacey,Thurston County,FALSE,N/A,42393,42586,42752,43470,43989,44809,45316,46122,47366,49700,50718
Massachusetts,Methuen Town,Essex County,TRUE,Atlantic,47255,47320,47438,47789,48123,48706,49388,49802,49972,50334,50698
New Jersey,Plainfield,Union County,TRUE,Atlantic,49808,49694,49769,49914,50077,50333,50430,50596,50416,50527,50693
Missouri,Joplin,"Jasper County, Newton County",FALSE,N/A,50150,50793,50906,48339,48470,48882,49385,49764,50167,50467,50657
Tennessee,Collierville,Shelby County,FALSE,N/A,43965,45603,45662,45944,46433,47356,48757,48981,49456,50231,50616
California,Cerritos,Los Angeles County,TRUE,Pacific,49041,49051,49052,49239,49414,49547,49586,49617,50436,50792,50462
Texas,Galveston,Galveston County,TRUE,Gulf of Mexico,47743,47743,47796,47558,48118,48687,49296,49741,50238,50434,50457
Alabama,Madison,"Limestone County, Madison County",FALSE,N/A,42938,43190,43552,44249,45135,45880,46574,47107,48099,49151,50440
Oklahoma,Stillwater,Payne County,FALSE,N/A,45688,45691,45723,46228,46695,47404,48439,49090,49724,49999,50391
Texas,Little Elm,Denton County,FALSE,N/A,25898,25906,26226,27789,29171,33130,35793,38810,43105,46504,50314
Ohio,Lakewood,Cuyahoga County,FALSE,N/A,52131,52131,52026,51657,51399,51259,51092,50819,50542,50244,50100
Ohio,Newark,Licking County,FALSE,N/A,47573,47558,47614,47718,47807,48033,48286,48591,48944,49485,50029
Arizona,Maricopa,Pinal County,FALSE,N/A,43482,43490,43689,43869,44032,44817,45546,46109,46913,48005,50024
Oklahoma,Enid,Garfield County,FALSE,N/A,49379,49379,49502,49518,50025,50802,51134,51509,50837,50052,49585
New York,Troy,Rensselaer County,FALSE,N/A,50129,50162,50081,50012,49843,49913,49959,49772,49593,49433,49374
Michigan,Saginaw,Saginaw County,FALSE,N/A,51508,51483,51377,51021,50740,50287,49811,49243,48919,48716,48323
New York,Niagara Falls,Niagara County,FALSE,N/A,50193,50173,50138,49893,49659,49459,49215,48896,48643,48374,48144
West Virginia,Charleston,Kanawha County,FALSE,N/A,51400,51338,51272,50988,50861,50662,50142,49466,48784,48028,47215